Date,High,Low,Open,Close,Volume,Adj Close
2016-01-04,3175.0,3080.0,3080.0,3140.0,53937600.0,2816.8994140625
2016-01-05,3225.0,3125.0,3125.0,3195.0,111298000.0,2866.240234375
2016-01-06,3385.0,3220.0,3250.0,3250.0,126669200.0,2915.5810546875
2016-01-07,3250.0,3155.0,3200.0,3210.0,106056300.0,2879.69677734375
2016-01-08,3190.0,3130.0,3170.0,3145.0,121217800.0,2821.38525390625
2016-01-11,3125.0,3060.0,3090.0,3060.0,89758100.0,2745.131591796875
2016-01-12,3205.0,3080.0,3085.0,3145.0,116904200.0,2821.38525390625
2016-01-13,3250.0,3170.0,3195.0,3190.0,74269100.0,2861.7548828125
2016-01-14,3215.0,3100.0,3100.0,3135.0,106684400.0,2812.414306640625
2016-01-15,3155.0,3085.0,3135.0,3085.0,88290900.0,2767.55908203125
2016-01-18,3130.0,3045.0,3060.0,3085.0,37695300.0,2767.55908203125
2016-01-19,3135.0,3075.0,3075.0,3110.0,57336800.0,2789.986328125
2016-01-20,3130.0,3090.0,3095.0,3090.0,65971300.0,2772.044677734375
2016-01-21,3155.0,3090.0,3110.0,3095.0,75613700.0,2776.5302734375
2016-01-22,3185.0,3115.0,3155.0,3185.0,83961900.0,2857.269287109375
2016-01-25,3250.0,3185.0,3230.0,3205.0,85792900.0,2875.21142578125
2016-01-26,3230.0,3190.0,3205.0,3225.0,88825300.0,2893.153076171875
2016-01-27,3270.0,3215.0,3235.0,3270.0,58542700.0,2933.522705078125
2016-01-28,3280.0,3210.0,3270.0,3260.0,76642400.0,2924.5517578125
2016-01-29,3340.0,3230.0,3290.0,3340.0,123511400.0,2996.31982421875
2016-02-01,3375.0,3290.0,3290.0,3330.0,132389600.0,2987.34912109375
2016-02-02,3320.0,3235.0,3280.0,3235.0,85894700.0,2902.1240234375
2016-02-03,3275.0,3180.0,3200.0,3275.0,65149900.0,2938.008056640625
2016-02-04,3455.0,3305.0,3310.0,3350.0,121904700.0,3005.291015625
2016-02-05,3510.0,3370.0,3370.0,3500.0,110951000.0,3139.856201171875
2016-02-09,3430.0,3360.0,3430.0,3375.0,71371200.0,3027.718505859375
2016-02-10,3390.0,3320.0,3320.0,3385.0,83792500.0,3036.689208984375
2016-02-11,3450.0,3365.0,3385.0,3430.0,109097100.0,3077.05908203125
2016-02-12,3410.0,3260.0,3405.0,3285.0,153723600.0,2946.979248046875
2016-02-15,3340.0,3280.0,3310.0,3325.0,104800500.0,2982.863525390625
2016-02-16,3340.0,3305.0,3310.0,3335.0,43892400.0,2991.834716796875
2016-02-17,3355.0,3310.0,3320.0,3335.0,81659100.0,2991.834716796875
2016-02-18,3355.0,3295.0,3335.0,3315.0,94576000.0,2973.892578125
2016-02-19,3315.0,3160.0,3315.0,3195.0,179256500.0,2866.240234375
2016-02-22,3210.0,3140.0,3185.0,3180.0,105477300.0,2852.783935546875
2016-02-23,3250.0,3170.0,3190.0,3220.0,67743800.0,2888.667724609375
2016-02-24,3240.0,3175.0,3195.0,3230.0,69789500.0,2897.638916015625
2016-02-25,3310.0,3210.0,3245.0,3300.0,95590800.0,2960.435546875
2016-02-26,3340.0,3290.0,3340.0,3310.0,53507400.0,2969.406982421875
2016-02-29,3340.0,3245.0,3340.0,3250.0,102104500.0,2915.5810546875
2016-03-01,3295.0,3250.0,3250.0,3295.0,63318600.0,2955.9501953125
2016-03-02,3370.0,3325.0,3340.0,3340.0,110289200.0,2996.31982421875
2016-03-03,3430.0,3355.0,3375.0,3430.0,107648600.0,3077.05908203125
2016-03-04,3435.0,3330.0,3435.0,3415.0,87747700.0,3063.6025390625
2016-03-07,3420.0,3360.0,3400.0,3395.0,63623500.0,3045.660400390625
2016-03-08,3415.0,3330.0,3380.0,3390.0,109167700.0,3041.175048828125
2016-03-10,3350.0,3265.0,3345.0,3315.0,163244500.0,2973.892578125
2016-03-11,3315.0,3315.0,3315.0,3315.0,0.0,2973.892578125
2016-03-14,3315.0,3315.0,3315.0,3315.0,0.0,2973.892578125
2016-03-15,3450.0,3350.0,3440.0,3380.0,95058500.0,3032.203857421875
2016-03-16,3440.0,3370.0,3390.0,3440.0,45874600.0,3086.0302734375
2016-03-17,3470.0,3440.0,3460.0,3455.0,81984200.0,3099.487060546875
2016-03-18,3500.0,3430.0,3455.0,3460.0,141609900.0,3103.97216796875
2016-03-21,3485.0,3450.0,3460.0,3470.0,55410700.0,3112.943115234375
2016-03-22,3460.0,3385.0,3440.0,3420.0,123088800.0,3068.088134765625
2016-03-23,3380.0,3300.0,3380.0,3305.0,201671300.0,2964.921142578125
2016-03-24,3360.0,3295.0,3300.0,3325.0,106657100.0,2982.863525390625
2016-03-28,3340.0,3280.0,3325.0,3305.0,60692300.0,2964.921142578125
2016-03-29,3335.0,3280.0,3310.0,3300.0,117103200.0,2960.435546875
2016-03-30,3380.0,3330.0,3330.0,3345.0,140480200.0,3000.805419921875
2016-03-31,3355.0,3300.0,3345.0,3325.0,120747500.0,2982.863525390625
2016-04-01,3350.0,3305.0,3330.0,3350.0,79809200.0,3005.291015625
2016-04-04,3380.0,3345.0,3350.0,3380.0,69422300.0,3032.203857421875
2016-04-05,3400.0,3360.0,3365.0,3375.0,69798700.0,3027.718505859375
2016-04-06,3410.0,3370.0,3385.0,3405.0,63554500.0,3054.63134765625
2016-04-07,3430.0,3400.0,3420.0,3400.0,77205400.0,3050.14599609375
2016-04-08,3445.0,3350.0,3350.0,3445.0,54809700.0,3090.515625
2016-04-11,3445.0,3445.0,3445.0,3445.0,0.0,3090.515625
2016-04-12,3400.0,3350.0,3375.0,3400.0,52196200.0,3050.14599609375
2016-04-13,3400.0,3400.0,3400.0,3400.0,0.0,3050.14599609375
2016-04-14,3400.0,3400.0,3400.0,3400.0,0.0,3050.14599609375
2016-04-15,3400.0,3400.0,3400.0,3400.0,0.0,3050.14599609375
2016-04-18,3400.0,3400.0,3400.0,3400.0,0.0,3050.14599609375
2016-04-19,3400.0,3400.0,3400.0,3400.0,0.0,3050.14599609375
2016-04-20,3635.0,3555.0,3650.0,3585.0,94939200.0,3216.10986328125
2016-04-21,3675.0,3595.0,3675.0,3630.0,94208900.0,3256.4794921875
2016-04-22,3745.0,3610.0,3630.0,3685.0,145345500.0,3305.8203125
2016-04-25,3810.0,3720.0,3750.0,3780.0,114861000.0,3391.044677734375
2016-04-26,3755.0,3635.0,3755.0,3645.0,122013000.0,3269.936279296875
2016-04-27,3705.0,3635.0,3650.0,3700.0,74476000.0,3319.276611328125
2016-04-28,3720.0,3575.0,3685.0,3595.0,160377500.0,3225.0810546875
2016-04-29,3595.0,3530.0,3585.0,3550.0,225310200.0,3184.711181640625
2016-05-02,3500.0,3410.0,3410.0,3450.0,175519300.0,3108.81396484375
2016-05-03,3520.0,3440.0,3460.0,3440.0,156357700.0,3099.802978515625
2016-05-04,3500.0,3420.0,3460.0,3490.0,153451200.0,3144.858154296875
2016-05-09,3690.0,3540.0,3550.0,3610.0,157422300.0,3252.99072265625
2016-05-10,3720.0,3660.0,3690.0,3700.0,101558100.0,3334.09033203125
2016-05-11,3750.0,3690.0,3720.0,3720.0,84834700.0,3352.1123046875
2016-05-12,3780.0,3700.0,3710.0,3760.0,142320700.0,3388.15673828125
2016-05-13,3790.0,3690.0,3790.0,3690.0,85983800.0,3325.079345703125
2016-05-16,3800.0,3690.0,3720.0,3720.0,122085600.0,3352.1123046875
2016-05-17,3770.0,3710.0,3750.0,3720.0,64899500.0,3352.1123046875
2016-05-18,3750.0,3720.0,3740.0,3740.0,83954800.0,3370.134765625
2016-05-19,3730.0,3580.0,3720.0,3630.0,116976600.0,3271.012939453125
2016-05-20,3700.0,3620.0,3650.0,3640.0,90193000.0,3280.02392578125
2016-05-23,3730.0,3660.0,3680.0,3710.0,50914600.0,3343.1015625
2016-05-24,3760.0,3690.0,3690.0,3730.0,57819500.0,3361.12353515625
2016-05-25,3780.0,3730.0,3750.0,3780.0,58455600.0,3406.178955078125
2016-05-26,3800.0,3720.0,3800.0,3770.0,37338500.0,3397.16796875
2016-05-27,3760.0,3720.0,3750.0,3760.0,31023300.0,3388.15673828125
2016-05-30,3790.0,3700.0,3760.0,3700.0,23090100.0,3334.09033203125
2016-05-31,3750.0,3670.0,3700.0,3700.0,182229000.0,3334.09033203125
2016-06-01,3770.0,3710.0,3730.0,3720.0,67998100.0,3352.1123046875
2016-06-02,3820.0,3720.0,3730.0,3770.0,87912100.0,3397.16796875
2016-06-03,3840.0,3750.0,3820.0,3800.0,62133700.0,3424.20068359375
2016-06-06,3880.0,3810.0,3820.0,3880.0,72380600.0,3496.28955078125
2016-06-07,3930.0,3850.0,3880.0,3910.0,86501400.0,3523.322509765625
2016-06-08,3910.0,3710.0,3890.0,3790.0,193251000.0,3415.18994140625
2016-06-09,3820.0,3760.0,3810.0,3770.0,113035900.0,3397.16796875
2016-06-10,3800.0,3750.0,3790.0,3750.0,53233600.0,3379.14599609375
2016-06-13,3770.0,3720.0,3720.0,3760.0,51886300.0,3388.15673828125
2016-06-14,3780.0,3720.0,3750.0,3770.0,43865800.0,3397.16796875
2016-06-15,3810.0,3750.0,3790.0,3810.0,59658600.0,3433.2119140625
2016-06-16,3880.0,3830.0,3840.0,3880.0,90883500.0,3496.28955078125
2016-06-17,3920.0,3860.0,3890.0,3890.0,80835200.0,3505.300537109375
2016-06-20,3890.0,3830.0,3870.0,3850.0,54544000.0,3469.256103515625
2016-06-21,3880.0,3840.0,3880.0,3870.0,53484100.0,3487.278076171875
2016-06-22,3890.0,3850.0,3880.0,3870.0,62121300.0,3487.278076171875
2016-06-23,3870.0,3830.0,3860.0,3860.0,37990600.0,3478.26708984375
2016-06-24,3890.0,3740.0,3880.0,3820.0,87594500.0,3442.22314453125
2016-06-27,3870.0,3780.0,3790.0,3840.0,61613600.0,3460.2451171875
2016-06-28,3900.0,3780.0,3860.0,3820.0,169594500.0,3442.22314453125
2016-06-29,3970.0,3850.0,3860.0,3970.0,121327700.0,3577.388671875
2016-06-30,4010.0,3950.0,3950.0,3980.0,96453900.0,3586.399658203125
2016-07-01,4050.0,3950.0,4010.0,3970.0,98381900.0,3577.388671875
2016-07-11,4250.0,4030.0,4080.0,4070.0,270804800.0,3667.49951171875
2016-07-12,4180.0,4020.0,4120.0,4100.0,143787700.0,3694.532470703125
2016-07-13,4260.0,4110.0,4260.0,4260.0,95845300.0,3838.70947265625
2016-07-14,4170.0,4080.0,4150.0,4110.0,131505700.0,3703.543701171875
2016-07-15,4200.0,4090.0,4090.0,4200.0,109258400.0,3784.64306640625
2016-07-18,4190.0,4110.0,4180.0,4140.0,53918600.0,3730.57666015625
2016-07-19,4170.0,4130.0,4170.0,4160.0,73777600.0,3748.598876953125
2016-07-20,4190.0,4140.0,4180.0,4190.0,47233600.0,3775.632080078125
2016-07-21,4200.0,4120.0,4200.0,4120.0,69990500.0,3712.554443359375
2016-07-22,4150.0,4090.0,4150.0,4110.0,49795000.0,3703.543701171875
2016-07-25,4180.0,4120.0,4130.0,4180.0,53817300.0,3766.62109375
2016-07-26,4280.0,4170.0,4200.0,4250.0,85360000.0,3829.698486328125
2016-07-27,4350.0,4260.0,4300.0,4340.0,108887200.0,3910.7978515625
2016-07-28,4380.0,4320.0,4340.0,4340.0,90945600.0,3910.7978515625
2016-07-29,4500.0,4230.0,4340.0,4230.0,123234300.0,3811.67626953125
2016-08-01,4570.0,4350.0,4350.0,4550.0,138151900.0,4100.0302734375
2016-08-02,4480.0,4370.0,4450.0,4370.0,97621900.0,3937.8310546875
2016-08-03,4380.0,4270.0,4350.0,4270.0,108295900.0,3847.720458984375
2016-08-04,4350.0,4280.0,4320.0,4320.0,77484900.0,3892.77587890625
2016-08-05,4360.0,4300.0,4340.0,4350.0,58295600.0,3919.808837890625
2016-08-08,4400.0,4340.0,4360.0,4400.0,64572500.0,3964.8642578125
2016-08-09,4430.0,4330.0,4410.0,4370.0,65888400.0,3937.8310546875
2016-08-10,4370.0,4270.0,4330.0,4320.0,71874800.0,3892.77587890625
2016-08-11,4350.0,4260.0,4350.0,4280.0,91165100.0,3856.731689453125
2016-08-12,4310.0,4170.0,4280.0,4230.0,123190100.0,3811.67626953125
2016-08-15,4230.0,4060.0,4210.0,4090.0,126444800.0,3685.521484375
2016-08-16,4190.0,4090.0,4140.0,4140.0,125421200.0,3730.57666015625
2016-08-18,4260.0,4160.0,4190.0,4250.0,199163900.0,3829.698486328125
2016-08-19,4270.0,4120.0,4250.0,4140.0,117134200.0,3730.57666015625
2016-08-22,4170.0,4110.0,4160.0,4160.0,90760300.0,3748.598876953125
2016-08-23,4220.0,4080.0,4190.0,4220.0,135968200.0,3802.665283203125
2016-08-24,4250.0,4160.0,4180.0,4220.0,77672300.0,3802.665283203125
2016-08-25,4240.0,4200.0,4220.0,4220.0,85476500.0,3802.665283203125
2016-08-26,4230.0,4170.0,4200.0,4210.0,55203100.0,3793.654296875
2016-08-29,4200.0,4120.0,4200.0,4140.0,86940700.0,3730.57666015625
2016-08-30,4190.0,4120.0,4140.0,4170.0,89405700.0,3757.610107421875
2016-08-31,4240.0,4150.0,4160.0,4210.0,119001300.0,3793.654296875
2016-09-01,4210.0,4130.0,4150.0,4160.0,73019400.0,3748.598876953125
2016-09-02,4210.0,4120.0,4120.0,4200.0,67797200.0,3784.64306640625
2016-09-05,4240.0,4180.0,4200.0,4200.0,49860400.0,3784.64306640625
2016-09-06,4240.0,4190.0,4210.0,4240.0,48004000.0,3820.6875
2016-09-07,4240.0,4140.0,4240.0,4210.0,80888800.0,3793.654296875
2016-09-08,4210.0,4160.0,4200.0,4160.0,64125200.0,3748.598876953125
2016-09-09,4160.0,4030.0,4150.0,4050.0,120404300.0,3649.477294921875
2016-09-13,4090.0,3980.0,4050.0,4050.0,123714900.0,3649.477294921875
2016-09-14,4050.0,3950.0,4050.0,3970.0,107944800.0,3577.388671875
2016-09-15,4160.0,4000.0,4000.0,4140.0,113131600.0,3730.57666015625
2016-09-16,4220.0,4080.0,4140.0,4090.0,138669100.0,3685.521484375
2016-09-19,4240.0,4130.0,4130.0,4200.0,74240200.0,3784.64306640625
2016-09-20,4220.0,4150.0,4150.0,4160.0,88244400.0,3748.598876953125
2016-09-21,4220.0,4100.0,4160.0,4200.0,97627500.0,3784.64306640625
2016-09-22,4270.0,4200.0,4250.0,4230.0,159174700.0,3811.67626953125
2016-09-23,4250.0,4170.0,4230.0,4230.0,84251000.0,3811.67626953125
2016-09-26,4250.0,4190.0,4200.0,4240.0,78037000.0,3820.6875
2016-09-27,4280.0,4170.0,4190.0,4280.0,106582800.0,3856.731689453125
2016-09-28,4270.0,4220.0,4220.0,4250.0,66963300.0,3829.698486328125
2016-09-29,4340.0,4230.0,4230.0,4290.0,130275100.0,3865.742431640625
2016-09-30,4400.0,4270.0,4290.0,4310.0,137113000.0,3883.76513671875
2016-10-03,4390.0,4310.0,4360.0,4380.0,58639700.0,3946.842041015625
2016-10-04,4400.0,4360.0,4380.0,4360.0,69761200.0,3928.819580078125
2016-10-05,4350.0,4280.0,4330.0,4300.0,64563500.0,3874.75390625
2016-10-06,4300.0,4200.0,4280.0,4210.0,83690900.0,3793.654296875
2016-10-07,4240.0,4170.0,4220.0,4200.0,50796000.0,3784.64306640625
2016-10-10,4230.0,4150.0,4180.0,4160.0,33361000.0,3748.598876953125
2016-10-11,4180.0,4120.0,4170.0,4160.0,95073200.0,3748.598876953125
2016-10-12,4160.0,4120.0,4130.0,4140.0,77235200.0,3730.57666015625
2016-10-13,4190.0,4140.0,4150.0,4180.0,95797800.0,3766.62109375
2016-10-14,4250.0,4180.0,4200.0,4210.0,127750100.0,3793.654296875
2016-10-17,4250.0,4200.0,4200.0,4240.0,62848500.0,3820.6875
2016-10-18,4260.0,4220.0,4250.0,4230.0,47811100.0,3811.67626953125
2016-10-19,4250.0,4200.0,4230.0,4200.0,39787500.0,3784.64306640625
2016-10-20,4240.0,4180.0,4210.0,4200.0,49146300.0,3784.64306640625
2016-10-21,4240.0,4190.0,4200.0,4210.0,32147200.0,3793.654296875
2016-10-24,4240.0,4190.0,4200.0,4220.0,44928300.0,3802.665283203125
2016-10-25,4220.0,4190.0,4200.0,4200.0,70646400.0,3784.64306640625
2016-10-26,4220.0,4180.0,4180.0,4190.0,51043000.0,3775.632080078125
2016-10-27,4260.0,4210.0,4220.0,4240.0,59171100.0,3820.6875
2016-10-28,4250.0,4220.0,4220.0,4230.0,63978700.0,3811.67626953125
2016-10-31,4250.0,4210.0,4230.0,4220.0,87255800.0,3802.665283203125
2016-11-01,4240.0,4200.0,4230.0,4200.0,40526400.0,3784.64306640625
2016-11-02,4240.0,4190.0,4200.0,4200.0,65592600.0,3784.64306640625
2016-11-03,4210.0,4120.0,4200.0,4150.0,142513800.0,3739.587646484375
2016-11-04,4160.0,4100.0,4120.0,4150.0,94570400.0,3739.587646484375
2016-11-07,4200.0,4130.0,4150.0,4150.0,56762000.0,3739.587646484375
2016-11-08,4300.0,4170.0,4170.0,4280.0,73529000.0,3856.731689453125
2016-11-09,4290.0,4110.0,4250.0,4120.0,142550300.0,3712.554443359375
2016-11-10,4220.0,4130.0,4180.0,4190.0,197201200.0,3775.632080078125
2016-11-11,4050.0,3910.0,4050.0,3960.0,244873100.0,3568.3779296875
2016-11-14,3880.0,3640.0,3850.0,3790.0,331538800.0,3415.18994140625
2016-11-15,3950.0,3760.0,3830.0,3840.0,214754300.0,3460.2451171875
2016-11-16,4030.0,3900.0,3900.0,4000.0,195298100.0,3604.421875
2016-11-17,4040.0,3950.0,3950.0,4000.0,84236700.0,3604.421875
2016-11-18,4030.0,3960.0,4020.0,3970.0,98115300.0,3577.388671875
2016-11-21,3970.0,3920.0,3950.0,3930.0,82463000.0,3541.3447265625
2016-11-22,3970.0,3910.0,3920.0,3950.0,69602800.0,3559.36669921875
2016-11-23,3970.0,3920.0,3930.0,3940.0,108352600.0,3550.355712890625
2016-11-24,3930.0,3760.0,3900.0,3810.0,91265600.0,3433.2119140625
2016-11-25,3830.0,3770.0,3770.0,3830.0,65999500.0,3451.23388671875
2016-11-28,3860.0,3820.0,3850.0,3840.0,61860400.0,3460.2451171875
2016-11-29,3880.0,3830.0,3830.0,3840.0,73215900.0,3460.2451171875
2016-11-30,3900.0,3770.0,3820.0,3780.0,145322000.0,3406.178955078125
2016-12-01,3900.0,3810.0,3820.0,3860.0,96825100.0,3478.26708984375
2016-12-02,3960.0,3810.0,3820.0,3910.0,68873200.0,3523.322509765625
2016-12-05,4000.0,3890.0,3900.0,3960.0,56831800.0,3568.3779296875
2016-12-06,3960.0,3900.0,3930.0,3910.0,67135100.0,3523.322509765625
2016-12-07,3890.0,3820.0,3890.0,3850.0,74498300.0,3469.256103515625
2016-12-08,3940.0,3860.0,3880.0,3940.0,80253900.0,3550.355712890625
2016-12-09,3980.0,3910.0,3930.0,3960.0,73229000.0,3568.3779296875
2016-12-13,3970.0,3900.0,3920.0,3970.0,85397800.0,3577.388671875
2016-12-14,3970.0,3910.0,3910.0,3920.0,53216800.0,3532.333740234375
2016-12-15,3940.0,3830.0,3840.0,3910.0,58982800.0,3540.826904296875
2016-12-16,3910.0,3820.0,3910.0,3820.0,111038700.0,3459.32470703125
2016-12-19,3890.0,3800.0,3850.0,3800.0,64957800.0,3441.212890625
2016-12-20,3800.0,3710.0,3750.0,3730.0,88601300.0,3377.822021484375
2016-12-21,3850.0,3760.0,3800.0,3780.0,65390700.0,3423.10107421875
2016-12-22,3780.0,3720.0,3720.0,3750.0,53482700.0,3395.93408203125
2016-12-23,3790.0,3670.0,3790.0,3690.0,46232300.0,3341.598876953125
2016-12-27,3760.0,3670.0,3690.0,3730.0,48998200.0,3377.822021484375
2016-12-28,3840.0,3770.0,3770.0,3830.0,39654200.0,3468.38037109375
2016-12-29,3960.0,3810.0,3830.0,3940.0,126802300.0,3567.994384765625
2016-12-30,4020.0,3940.0,3940.0,3980.0,128649100.0,3604.2177734375
2017-01-02,3980.0,3980.0,3980.0,3980.0,0.0,3604.2177734375
2017-01-03,3990.0,3920.0,3950.0,3950.0,71660600.0,3577.05029296875
2017-01-04,3980.0,3880.0,3880.0,3950.0,68494500.0,3577.05029296875
2017-01-05,4030.0,3940.0,3960.0,3950.0,74018400.0,3577.05029296875
2017-01-06,4010.0,3960.0,3970.0,4000.0,44136900.0,3622.3291015625
2017-01-09,4030.0,3990.0,4000.0,4020.0,85713200.0,3640.441162109375
2017-01-10,4030.0,3960.0,4030.0,4000.0,44608000.0,3622.3291015625
2017-01-11,4000.0,3950.0,3960.0,3960.0,47226300.0,3586.106201171875
2017-01-12,3970.0,3920.0,3920.0,3960.0,45738500.0,3586.106201171875
2017-01-13,3970.0,3930.0,3930.0,3950.0,64704600.0,3577.05029296875
2017-01-16,4000.0,3950.0,3970.0,3950.0,42188800.0,3577.05029296875
2017-01-17,4000.0,3960.0,3980.0,3970.0,45793400.0,3595.161865234375
2017-01-18,4010.0,3950.0,3960.0,3960.0,56558200.0,3586.106201171875
2017-01-19,3980.0,3920.0,3940.0,3970.0,53435400.0,3595.161865234375
2017-01-20,3940.0,3820.0,3920.0,3830.0,101523500.0,3468.38037109375
2017-01-23,3880.0,3780.0,3800.0,3840.0,77653500.0,3477.43603515625
2017-01-24,3950.0,3850.0,3850.0,3910.0,113430200.0,3540.826904296875
2017-01-25,3940.0,3890.0,3940.0,3900.0,47799100.0,3531.771484375
2017-01-26,3960.0,3860.0,3900.0,3940.0,60944600.0,3567.994384765625
2017-01-27,3920.0,3880.0,3900.0,3890.0,47240400.0,3522.71533203125
2017-01-30,3910.0,3860.0,3860.0,3860.0,30060700.0,3495.5478515625
2017-01-31,3920.0,3860.0,3870.0,3870.0,57849200.0,3504.603515625
2017-02-01,3980.0,3900.0,3910.0,3940.0,77648400.0,3567.994384765625
2017-02-02,3980.0,3900.0,3940.0,3950.0,73895600.0,3577.05029296875
2017-02-03,3970.0,3900.0,3900.0,3950.0,59225000.0,3577.05029296875
2017-02-06,3960.0,3910.0,3940.0,3960.0,52999700.0,3586.106201171875
2017-02-07,3960.0,3920.0,3930.0,3920.0,66017500.0,3549.8828125
2017-02-08,3920.0,3860.0,3900.0,3870.0,115706000.0,3504.603515625
2017-02-09,3910.0,3860.0,3870.0,3870.0,78090700.0,3504.603515625
2017-02-10,3910.0,3860.0,3870.0,3890.0,91636700.0,3522.71533203125
2017-02-13,3920.0,3900.0,3920.0,3920.0,54547600.0,3549.8828125
2017-02-14,3900.0,3840.0,3900.0,3860.0,146309400.0,3495.5478515625
2017-02-15,3860.0,3860.0,3860.0,3860.0,0.0,3495.5478515625
2017-02-16,3890.0,3840.0,3880.0,3870.0,127779400.0,3504.603515625
2017-02-17,3890.0,3850.0,3890.0,3870.0,80814700.0,3504.603515625
2017-02-20,3880.0,3850.0,3860.0,3870.0,26820400.0,3504.603515625
2017-02-21,3890.0,3860.0,3880.0,3880.0,49368500.0,3513.65966796875
2017-02-22,3890.0,3850.0,3880.0,3880.0,74260200.0,3513.65966796875
2017-02-23,3870.0,3830.0,3860.0,3840.0,122760100.0,3477.43603515625
2017-02-24,3870.0,3830.0,3830.0,3840.0,71119600.0,3477.43603515625
2017-02-27,3890.0,3850.0,3850.0,3870.0,54712100.0,3504.603515625
2017-02-28,3900.0,3850.0,3860.0,3850.0,65928100.0,3486.491943359375
2017-03-01,3890.0,3840.0,3870.0,3850.0,79662500.0,3486.491943359375
2017-03-02,3870.0,3830.0,3870.0,3830.0,59748700.0,3468.38037109375
2017-03-03,3870.0,3810.0,3820.0,3850.0,92350100.0,3486.491943359375
2017-03-06,3920.0,3850.0,3860.0,3920.0,99064100.0,3549.8828125
2017-03-07,3950.0,3890.0,3920.0,3950.0,61945400.0,3577.05029296875
2017-03-08,3930.0,3880.0,3920.0,3880.0,31336300.0,3513.65966796875
2017-03-09,3960.0,3880.0,3960.0,3960.0,83224900.0,3586.106201171875
2017-03-10,3990.0,3910.0,3970.0,3950.0,70318300.0,3577.05029296875
2017-03-13,3970.0,3920.0,3940.0,3950.0,54433000.0,3577.05029296875
2017-03-14,4070.0,3950.0,3950.0,4050.0,122779100.0,3667.608642578125
2017-03-15,4080.0,4010.0,4030.0,4040.0,80434200.0,3658.552734375
2017-03-16,4150.0,4060.0,4060.0,4140.0,123306900.0,3749.110595703125
2017-03-17,4140.0,4030.0,4140.0,4110.0,123085600.0,3721.943603515625
2017-03-20,4110.0,4050.0,4100.0,4100.0,87628300.0,3712.887451171875
2017-03-21,4120.0,4060.0,4060.0,4090.0,75349600.0,3703.831787109375
2017-03-22,4080.0,4010.0,4060.0,4070.0,110927600.0,3685.72021484375
2017-03-23,4100.0,4050.0,4070.0,4090.0,72319900.0,3703.831787109375
2017-03-24,4110.0,4050.0,4080.0,4080.0,71877500.0,3694.77587890625
2017-03-27,4090.0,4070.0,4080.0,4080.0,56070700.0,3694.77587890625
2017-03-29,4150.0,4080.0,4080.0,4150.0,84076600.0,3758.16650390625
2017-03-30,4170.0,4110.0,4140.0,4140.0,61410200.0,3749.110595703125
2017-03-31,4190.0,4130.0,4180.0,4130.0,88859000.0,3740.054931640625
2017-04-03,4200.0,4130.0,4130.0,4170.0,66564400.0,3776.278564453125
2017-04-04,4290.0,4170.0,4170.0,4250.0,108165500.0,3848.724853515625
2017-04-05,4250.0,4250.0,4250.0,4250.0,0.0,3848.724853515625
2017-04-06,4200.0,4130.0,4180.0,4170.0,79905800.0,3776.278564453125
2017-04-07,4140.0,4110.0,4130.0,4130.0,72954300.0,3740.054931640625
2017-04-10,4140.0,4090.0,4110.0,4100.0,53211800.0,3712.887451171875
2017-04-11,4180.0,4110.0,4110.0,4150.0,54580200.0,3758.16650390625
2017-04-12,4170.0,4110.0,4170.0,4150.0,33441400.0,3758.16650390625
2017-04-13,4170.0,4090.0,4150.0,4090.0,47225000.0,3703.831787109375
2017-04-17,4090.0,4010.0,4090.0,4010.0,51373500.0,3631.385009765625
2017-04-18,4120.0,4050.0,4060.0,4070.0,68193500.0,3685.72021484375
2017-04-19,4070.0,4070.0,4070.0,4070.0,0.0,3685.72021484375
2017-04-20,4150.0,4030.0,4030.0,4110.0,110208600.0,3721.943603515625
2017-04-21,4420.0,4170.0,4180.0,4420.0,237062100.0,4002.674072265625
2017-04-25,4520.0,4330.0,4500.0,4420.0,213322700.0,4002.674072265625
2017-04-26,4410.0,4360.0,4380.0,4400.0,103930700.0,3984.562255859375
2017-04-27,4400.0,4360.0,4380.0,4370.0,78695300.0,3957.39501953125
2017-04-28,4410.0,4370.0,4400.0,4370.0,124845700.0,3957.39501953125
2017-05-02,4450.0,4380.0,4410.0,4410.0,140198900.0,3993.618408203125
2017-05-03,4400.0,4330.0,4400.0,4340.0,92896600.0,4037.686279296875
2017-05-04,4390.0,4340.0,4360.0,4370.0,100510700.0,4065.5966796875
2017-05-05,4360.0,4330.0,4350.0,4340.0,43566800.0,4037.686279296875
2017-05-08,4380.0,4310.0,4370.0,4340.0,85508700.0,4037.686279296875
2017-05-09,4450.0,4330.0,4390.0,4340.0,90061700.0,4037.686279296875
2017-05-10,4410.0,4330.0,4340.0,4370.0,85484500.0,4065.5966796875
2017-05-12,4440.0,4380.0,4410.0,4400.0,84813500.0,4093.506591796875
2017-05-15,4420.0,4320.0,4420.0,4360.0,88965200.0,4056.29248046875
2017-05-16,4390.0,4340.0,4390.0,4340.0,79436500.0,4037.686279296875
2017-05-17,4380.0,4300.0,4380.0,4340.0,65470700.0,4037.686279296875
2017-05-18,4340.0,4270.0,4300.0,4310.0,78913600.0,4009.776123046875
2017-05-19,4650.0,4300.0,4300.0,4530.0,140860000.0,4214.451171875
2017-05-22,4670.0,4440.0,4590.0,4470.0,92800400.0,4158.630859375
2017-05-23,4520.0,4370.0,4500.0,4400.0,70551200.0,4093.506591796875
2017-05-24,4410.0,4330.0,4360.0,4360.0,76441800.0,4056.29248046875
2017-05-26,4490.0,4430.0,4430.0,4470.0,123903300.0,4158.630859375
2017-05-29,4470.0,4360.0,4470.0,4390.0,69694400.0,4084.20361328125
2017-05-30,4380.0,4330.0,4350.0,4330.0,57720500.0,4028.3828125
2017-05-31,4370.0,4300.0,4350.0,4350.0,184808900.0,4046.989501953125
2017-06-01,4350.0,4350.0,4350.0,4350.0,0.0,4046.989501953125
2017-06-02,4450.0,4340.0,4400.0,4380.0,168414800.0,4074.900146484375
2017-06-05,4380.0,4300.0,4340.0,4340.0,88200300.0,4037.686279296875
2017-06-06,4350.0,4300.0,4350.0,4310.0,99538800.0,4009.776123046875
2017-06-07,4350.0,4290.0,4350.0,4320.0,99176400.0,4019.0791015625
2017-06-08,4320.0,4300.0,4320.0,4300.0,88979800.0,4000.47265625
2017-06-09,4380.0,4320.0,4370.0,4330.0,137960200.0,4028.3828125
2017-06-12,4340.0,4310.0,4320.0,4330.0,52481100.0,4028.3828125
2017-06-13,4360.0,4330.0,4340.0,4360.0,61967400.0,4056.29248046875
2017-06-14,4380.0,4330.0,4380.0,4360.0,72198600.0,4056.29248046875
2017-06-15,4370.0,4330.0,4350.0,4360.0,50887900.0,4056.29248046875
2017-06-16,4440.0,4330.0,4330.0,4370.0,267351200.0,4065.5966796875
2017-06-19,4420.0,4390.0,4400.0,4400.0,48458800.0,4093.506591796875
2017-06-20,4510.0,4400.0,4420.0,4490.0,93396600.0,4177.2373046875
2017-06-21,4530.0,4460.0,4480.0,4520.0,116596300.0,4205.14794921875
2017-06-22,4540.0,4500.0,4540.0,4520.0,76420700.0,4205.14794921875
2017-06-23,4520.0,4520.0,4520.0,4520.0,0.0,4205.14794921875
2017-06-26,4520.0,4520.0,4520.0,4520.0,0.0,4205.14794921875
2017-06-27,4520.0,4520.0,4520.0,4520.0,0.0,4205.14794921875
2017-06-28,4520.0,4520.0,4520.0,4520.0,0.0,4205.14794921875
2017-06-29,4520.0,4520.0,4520.0,4520.0,0.0,4205.14794921875
2017-06-30,4520.0,4520.0,4520.0,4520.0,0.0,4205.14794921875
2017-07-03,4790.0,4520.0,4530.0,4790.0,213322100.0,4456.34033203125
2017-07-04,4730.0,4590.0,4710.0,4590.0,126977200.0,4270.271484375
2017-07-05,4590.0,4530.0,4550.0,4580.0,76950600.0,4260.96826171875
2017-07-06,4680.0,4570.0,4570.0,4650.0,74712800.0,4326.0927734375
2017-07-07,4690.0,4630.0,4640.0,4630.0,74859600.0,4307.4853515625
2017-07-10,4670.0,4560.0,4670.0,4570.0,40905200.0,4251.66455078125
2017-07-11,4640.0,4560.0,4590.0,4600.0,59015400.0,4279.5751953125
2017-07-12,4640.0,4580.0,4580.0,4620.0,42386500.0,4298.181640625
2017-07-13,4680.0,4580.0,4660.0,4600.0,83010800.0,4279.5751953125
2017-07-14,4620.0,4570.0,4580.0,4600.0,61198800.0,4279.5751953125
2017-07-17,4650.0,4570.0,4570.0,4650.0,53983200.0,4326.0927734375
2017-07-18,4660.0,4590.0,4660.0,4630.0,63087200.0,4307.4853515625
2017-07-19,4630.0,4570.0,4630.0,4600.0,31882000.0,4279.5751953125
2017-07-20,4650.0,4600.0,4620.0,4630.0,65946300.0,4307.4853515625
2017-07-21,4620.0,4530.0,4600.0,4560.0,61852600.0,4242.361328125
2017-07-24,4650.0,4500.0,4500.0,4650.0,139361700.0,4326.0927734375
2017-07-25,4740.0,4640.0,4680.0,4720.0,82776400.0,4391.21630859375
2017-07-26,4740.0,4650.0,4700.0,4700.0,65286900.0,4372.609375
2017-07-27,4720.0,4650.0,4700.0,4650.0,79556300.0,4326.0927734375
2017-07-28,4720.0,4660.0,4670.0,4700.0,77012600.0,4372.609375
2017-07-31,4750.0,4670.0,4680.0,4690.0,105620500.0,4363.30615234375
2017-08-01,4820.0,4690.0,4700.0,4770.0,98006400.0,4437.7333984375
2017-08-02,4840.0,4780.0,4800.0,4800.0,76646000.0,4465.6435546875
2017-08-03,4790.0,4670.0,4760.0,4700.0,57453500.0,4372.609375
2017-08-04,4710.0,4660.0,4700.0,4670.0,53596700.0,4344.69921875
2017-08-07,4730.0,4660.0,4670.0,4670.0,50259300.0,4344.69921875
2017-08-08,4690.0,4650.0,4650.0,4690.0,55006100.0,4363.30615234375
2017-08-09,4720.0,4670.0,4670.0,4710.0,67040700.0,4381.9130859375
2017-08-10,4730.0,4700.0,4720.0,4710.0,36139000.0,4381.9130859375
2017-08-11,4700.0,4660.0,4690.0,4680.0,61681900.0,4354.0029296875
2017-08-14,4730.0,4700.0,4720.0,4710.0,45942500.0,4381.9130859375
2017-08-15,4750.0,4710.0,4750.0,4730.0,62541500.0,4400.52001953125
2017-08-16,4780.0,4730.0,4750.0,4770.0,72564900.0,4437.7333984375
2017-08-17,4770.0,4770.0,4770.0,4770.0,0.0,4437.7333984375
2017-08-18,4820.0,4770.0,4770.0,4780.0,72171800.0,4447.03662109375
2017-08-21,4800.0,4730.0,4800.0,4770.0,36963300.0,4437.7333984375
2017-08-22,4810.0,4770.0,4800.0,4790.0,45279100.0,4456.34033203125
2017-08-23,4810.0,4750.0,4800.0,4800.0,55475800.0,4465.6435546875
2017-08-24,4800.0,4760.0,4800.0,4780.0,59747100.0,4447.03662109375
2017-08-25,4810.0,4770.0,4800.0,4770.0,34666200.0,4437.7333984375
2017-08-28,4770.0,4720.0,4740.0,4750.0,42681600.0,4419.12646484375
2017-08-29,4760.0,4710.0,4740.0,4730.0,66770700.0,4400.52001953125
2017-08-30,4760.0,4720.0,4720.0,4740.0,41010800.0,4409.8232421875
2017-08-31,4750.0,4690.0,4740.0,4690.0,60803000.0,4363.30615234375
2017-09-01,4690.0,4690.0,4690.0,4690.0,0.0,4363.30615234375
2017-09-04,4710.0,4660.0,4710.0,4680.0,74663400.0,4354.0029296875
2017-09-05,4680.0,4620.0,4670.0,4650.0,71280300.0,4326.0927734375
2017-09-06,4730.0,4650.0,4650.0,4710.0,60257800.0,4381.9130859375
2017-09-07,4730.0,4690.0,4700.0,4700.0,47238900.0,4372.609375
2017-09-08,4720.0,4670.0,4670.0,4720.0,40939600.0,4391.21630859375
2017-09-11,4720.0,4700.0,4710.0,4710.0,45419200.0,4381.9130859375
2017-09-12,4730.0,4700.0,4720.0,4720.0,68810000.0,4391.21630859375
2017-09-13,4730.0,4650.0,4650.0,4690.0,55115400.0,4363.30615234375
2017-09-14,4700.0,4660.0,4690.0,4670.0,53421400.0,4344.69921875
2017-09-15,4700.0,4650.0,4650.0,4690.0,112759200.0,4363.30615234375
2017-09-18,4720.0,4660.0,4680.0,4710.0,61345400.0,4381.9130859375
2017-09-19,4720.0,4680.0,4690.0,4710.0,54676900.0,4381.9130859375
2017-09-20,4710.0,4680.0,4690.0,4690.0,58141200.0,4363.30615234375
2017-09-21,4690.0,4690.0,4690.0,4690.0,0.0,4363.30615234375
2017-09-22,4690.0,4610.0,4690.0,4640.0,100046700.0,4316.78857421875
2017-09-25,4670.0,4610.0,4620.0,4650.0,33070000.0,4326.0927734375
2017-09-26,4710.0,4640.0,4640.0,4690.0,83557100.0,4363.30615234375
2017-09-27,4710.0,4680.0,4690.0,4700.0,60995800.0,4372.609375
2017-09-28,4740.0,4710.0,4720.0,4710.0,105241200.0,4381.9130859375
2017-09-29,4750.0,4670.0,4700.0,4680.0,202031900.0,4354.0029296875
2017-10-02,4690.0,4660.0,4690.0,4680.0,79696400.0,4354.0029296875
2017-10-03,4700.0,4640.0,4650.0,4690.0,113933700.0,4363.30615234375
2017-10-04,4710.0,4660.0,4660.0,4690.0,101963100.0,4363.30615234375
2017-10-05,4690.0,4640.0,4680.0,4660.0,164687600.0,4335.39599609375
2017-10-06,4680.0,4630.0,4680.0,4660.0,83595800.0,4335.39599609375
2017-10-09,4660.0,4610.0,4640.0,4620.0,73027700.0,4298.181640625
2017-10-10,4650.0,4510.0,4650.0,4530.0,95524700.0,4214.451171875
2017-10-11,4550.0,4310.0,4540.0,4400.0,365951800.0,4093.506591796875
2017-10-12,4490.0,4370.0,4380.0,4440.0,163091000.0,4130.720703125
2017-10-13,4450.0,4400.0,4440.0,4430.0,122491000.0,4121.4169921875
2017-10-16,4480.0,4380.0,4380.0,4450.0,167517000.0,4140.02392578125
2017-10-17,4410.0,4320.0,4400.0,4400.0,286827400.0,4093.506591796875
2017-10-18,4400.0,4190.0,4400.0,4300.0,379725700.0,4000.47265625
2017-10-19,4250.0,4180.0,4230.0,4210.0,231274800.0,3916.74169921875
2017-10-20,4290.0,4200.0,4250.0,4270.0,107642900.0,3972.56201171875
2017-10-23,4320.0,4240.0,4270.0,4250.0,118213500.0,3953.955322265625
2017-10-24,4270.0,4230.0,4270.0,4230.0,69942200.0,3935.348388671875
2017-10-25,4230.0,4060.0,4210.0,4090.0,308355300.0,3805.1005859375
2017-10-26,4260.0,4010.0,4010.0,4160.0,348271000.0,3870.224609375
2017-10-27,4200.0,4080.0,4190.0,4150.0,122923500.0,3860.9208984375
2017-10-30,4180.0,4080.0,4150.0,4080.0,140445100.0,3795.797119140625
2017-10-31,4150.0,4030.0,4150.0,4030.0,111757900.0,3749.2802734375
2017-11-01,4080.0,3910.0,4070.0,3950.0,267366500.0,3674.8525390625
2017-11-02,4110.0,3970.0,3980.0,4030.0,154764900.0,3749.2802734375
2017-11-03,4100.0,4010.0,4050.0,4090.0,80926400.0,3805.1005859375
2017-11-06,4210.0,4070.0,4100.0,4190.0,177511800.0,3898.134765625
2017-11-07,4210.0,4160.0,4180.0,4190.0,84694700.0,3898.134765625
2017-11-08,4160.0,4100.0,4160.0,4100.0,145225500.0,3814.40380859375
2017-11-09,4180.0,4100.0,4100.0,4160.0,91933800.0,3870.224609375
2017-11-10,4160.0,4120.0,4130.0,4120.0,56993800.0,3833.0107421875
2017-11-13,4160.0,4100.0,4130.0,4100.0,92109100.0,3814.40380859375
2017-11-14,4110.0,4070.0,4100.0,4080.0,64809800.0,3795.797119140625
2017-11-15,4180.0,4080.0,4090.0,4130.0,96128400.0,3842.314208984375
2017-11-16,4230.0,4150.0,4150.0,4200.0,134137000.0,3907.438232421875
2017-11-17,4230.0,4200.0,4200.0,4200.0,80261800.0,3907.438232421875
2017-11-20,4220.0,4150.0,4220.0,4150.0,48453900.0,3860.9208984375
2017-11-21,4200.0,4150.0,4170.0,4200.0,96842900.0,3907.438232421875
2017-11-22,4220.0,4190.0,4220.0,4200.0,69602300.0,3907.438232421875
2017-11-23,4270.0,4200.0,4200.0,4250.0,62887900.0,3953.955322265625
2017-11-24,4320.0,4220.0,4220.0,4320.0,87879900.0,4019.0791015625
2017-11-27,4350.0,4280.0,4320.0,4300.0,82769500.0,4000.47265625
2017-11-28,4290.0,4230.0,4270.0,4240.0,99928100.0,3944.652099609375
2017-11-29,4240.0,4180.0,4220.0,4200.0,79872900.0,3907.438232421875
2017-11-30,4220.0,4150.0,4200.0,4150.0,185905200.0,3860.9208984375
2017-12-01,4150.0,4150.0,4150.0,4150.0,0.0,3860.9208984375
2017-12-04,4230.0,4160.0,4180.0,4200.0,78040500.0,3907.438232421875
2017-12-05,4220.0,4180.0,4210.0,4200.0,96504800.0,3907.438232421875
2017-12-06,4210.0,4160.0,4160.0,4200.0,92126500.0,3907.438232421875
2017-12-07,4210.0,4160.0,4200.0,4200.0,52703100.0,3907.438232421875
2017-12-08,4200.0,4120.0,4150.0,4140.0,88536500.0,3851.617431640625
2017-12-11,4150.0,4110.0,4110.0,4140.0,47625800.0,3851.617431640625
2017-12-12,4190.0,4150.0,4150.0,4170.0,63036000.0,3879.528076171875
2017-12-13,4200.0,4150.0,4150.0,4200.0,49020200.0,3907.438232421875
2017-12-14,4250.0,4200.0,4220.0,4250.0,61517800.0,3953.955322265625
2017-12-15,4240.0,4180.0,4200.0,4230.0,77110600.0,3935.348388671875
2017-12-18,4250.0,4170.0,4250.0,4240.0,47756500.0,3944.652099609375
2017-12-19,4200.0,4170.0,4200.0,4190.0,85383600.0,3898.134765625
2017-12-20,4200.0,4160.0,4190.0,4160.0,87778400.0,3870.224609375
2017-12-21,4250.0,4170.0,4190.0,4250.0,83893400.0,3953.955322265625
2017-12-22,4300.0,4210.0,4250.0,4300.0,50330400.0,4000.47265625
2017-12-25,4300.0,4300.0,4300.0,4300.0,0.0,4000.47265625
2017-12-26,4300.0,4300.0,4300.0,4300.0,0.0,4000.47265625
2017-12-27,4310.0,4270.0,4270.0,4300.0,32211800.0,4000.47265625
2017-12-28,4390.0,4270.0,4300.0,4390.0,88576700.0,4084.20361328125
2017-12-29,4460.0,4390.0,4390.0,4440.0,110053200.0,4130.720703125
2018-01-01,4440.0,4440.0,4440.0,4440.0,0.0,4130.720703125
2018-01-02,4460.0,4380.0,4430.0,4410.0,66075600.0,4102.81005859375
2018-01-03,4380.0,4200.0,4380.0,4230.0,129205000.0,3935.348388671875
2018-01-04,4250.0,4190.0,4230.0,4220.0,77953300.0,3926.045166015625
2018-01-05,4280.0,4200.0,4220.0,4280.0,55863000.0,3981.865478515625
2018-01-08,4290.0,4250.0,4250.0,4260.0,42916700.0,3963.2587890625
2018-01-09,4240.0,4180.0,4240.0,4200.0,100497400.0,3907.438232421875
2018-01-10,4250.0,4180.0,4200.0,4190.0,95004000.0,3898.134765625
2018-01-11,4200.0,4150.0,4200.0,4170.0,80524900.0,3879.528076171875
2018-01-12,4190.0,4130.0,4160.0,4130.0,70976800.0,3842.314208984375
2018-01-15,4170.0,4100.0,4160.0,4120.0,71388000.0,3833.0107421875
2018-01-16,4220.0,4120.0,4150.0,4210.0,84393300.0,3916.74169921875
2018-01-17,4220.0,4180.0,4210.0,4200.0,77197700.0,3907.438232421875
2018-01-18,4240.0,4160.0,4210.0,4170.0,100089500.0,3879.528076171875
2018-01-19,4190.0,4120.0,4190.0,4160.0,70890100.0,3870.224609375
2018-01-22,4160.0,4120.0,4120.0,4130.0,83090400.0,3842.314208984375
2018-01-23,4160.0,4030.0,4160.0,4090.0,184176500.0,3805.1005859375
2018-01-24,4090.0,3970.0,4090.0,3980.0,241779600.0,3702.762939453125
2018-01-25,4020.0,3920.0,3980.0,3970.0,232552500.0,3693.459228515625
2018-01-26,4160.0,3990.0,3990.0,4150.0,246067800.0,3860.9208984375
2018-01-29,4180.0,4030.0,4170.0,4070.0,156356300.0,3786.493896484375
2018-01-30,4040.0,3960.0,4020.0,3970.0,140694300.0,3693.459228515625
2018-01-31,4060.0,3950.0,3960.0,3990.0,112276200.0,3712.066162109375
2018-02-01,4070.0,3980.0,4030.0,3980.0,102291000.0,3702.762939453125
2018-02-02,4030.0,4000.0,4030.0,4000.0,71707200.0,3721.36962890625
2018-02-05,4030.0,3920.0,3950.0,4010.0,70792500.0,3730.6728515625
2018-02-06,3990.0,3930.0,3950.0,3940.0,146207400.0,3665.54931640625
2018-02-07,4020.0,3950.0,3990.0,3980.0,120081100.0,3702.762939453125
2018-02-08,4040.0,3940.0,3980.0,4020.0,101865000.0,3739.9765625
2018-02-09,4000.0,3940.0,3970.0,3950.0,78255000.0,3674.8525390625
2018-02-12,3990.0,3950.0,3950.0,3960.0,58535200.0,3684.156005859375
2018-02-13,4060.0,3980.0,3990.0,4040.0,79288000.0,3758.58349609375
2018-02-14,4080.0,3990.0,4050.0,4040.0,63313200.0,3758.58349609375
2018-02-15,4060.0,4000.0,4050.0,4010.0,32896000.0,3730.6728515625
2018-02-16,4010.0,4010.0,4010.0,4010.0,0.0,3730.6728515625
2018-02-19,4080.0,4040.0,4050.0,4050.0,89429500.0,3767.886962890625
2018-02-20,4080.0,4040.0,4080.0,4070.0,53466600.0,3786.493896484375
2018-02-21,4080.0,4020.0,4040.0,4070.0,74130200.0,3786.493896484375
2018-02-22,4070.0,4010.0,4070.0,4010.0,91272600.0,3730.6728515625
2018-02-23,4040.0,4010.0,4030.0,4030.0,59706400.0,3749.2802734375
2018-02-26,4050.0,4010.0,4050.0,4030.0,56293900.0,3749.2802734375
2018-02-27,4030.0,3960.0,4030.0,4020.0,81554100.0,3739.9765625
2018-02-28,4050.0,3970.0,3970.0,4000.0,94528200.0,3721.36962890625
2018-03-01,4090.0,4020.0,4050.0,4060.0,84215600.0,3777.190185546875
2018-03-02,4070.0,4030.0,4060.0,4070.0,61410200.0,3786.493896484375
2018-03-05,4060.0,4000.0,4050.0,4020.0,56394900.0,3739.9765625
2018-03-06,4060.0,4020.0,4050.0,4020.0,59010500.0,3739.9765625
2018-03-07,4040.0,3980.0,4000.0,4000.0,100646000.0,3721.36962890625
2018-03-08,4140.0,4020.0,4050.0,4140.0,152547000.0,3851.617431640625
2018-03-09,4160.0,4090.0,4150.0,4150.0,97354700.0,3860.9208984375
2018-03-12,4200.0,4130.0,4170.0,4200.0,87344000.0,3907.438232421875
2018-03-13,4180.0,4080.0,4160.0,4090.0,96605900.0,3805.1005859375
2018-03-14,4090.0,4040.0,4070.0,4060.0,74296000.0,3777.190185546875
2018-03-15,4040.0,3930.0,4030.0,3930.0,133775500.0,3656.24560546875
2018-03-16,3950.0,3820.0,3930.0,3820.0,208216200.0,3553.908203125
2018-03-19,3900.0,3810.0,3860.0,3820.0,111808000.0,3553.908203125
2018-03-20,3810.0,3640.0,3800.0,3660.0,254154700.0,3405.05322265625
2018-03-21,3720.0,3630.0,3660.0,3710.0,152085900.0,3451.5703125
2018-03-22,3810.0,3690.0,3720.0,3700.0,132850400.0,3442.266845703125
2018-03-23,3690.0,3520.0,3520.0,3660.0,104485500.0,3405.05322265625
2018-03-26,3650.0,3580.0,3600.0,3590.0,104993600.0,3339.929443359375
2018-03-27,3650.0,3540.0,3630.0,3560.0,106157400.0,3312.01904296875
2018-03-28,3620.0,3540.0,3570.0,3570.0,83907700.0,3321.322265625
2018-03-29,3600.0,3530.0,3580.0,3600.0,106930200.0,3349.23291015625
2018-03-30,3600.0,3600.0,3600.0,3600.0,0.0,3349.23291015625
2018-04-02,3680.0,3600.0,3640.0,3670.0,63944000.0,3414.356689453125
2018-04-03,3670.0,3620.0,3640.0,3630.0,57234700.0,3377.14306640625
2018-04-04,3660.0,3570.0,3630.0,3600.0,80976000.0,3349.23291015625
2018-04-05,3690.0,3650.0,3650.0,3680.0,102973700.0,3423.66015625
2018-04-06,3690.0,3650.0,3680.0,3650.0,62905500.0,3395.75
2018-04-09,3780.0,3630.0,3630.0,3770.0,114947800.0,3507.39111328125
2018-04-10,3880.0,3730.0,3740.0,3860.0,138847700.0,3591.121826171875
2018-04-11,3890.0,3850.0,3850.0,3870.0,58454500.0,3600.425048828125
2018-04-12,3860.0,3740.0,3830.0,3750.0,76340800.0,3488.7841796875
2018-04-13,3780.0,3630.0,3760.0,3660.0,88313600.0,3405.05322265625
2018-04-16,3660.0,3660.0,3660.0,3660.0,0.0,3405.05322265625
2018-04-17,3660.0,3660.0,3660.0,3660.0,0.0,3405.05322265625
2018-04-18,3770.0,3710.0,3720.0,3770.0,65927000.0,3507.39111328125
2018-04-19,3770.0,3770.0,3770.0,3770.0,0.0,3507.39111328125
2018-04-20,3770.0,3770.0,3770.0,3770.0,0.0,3507.39111328125
2018-04-23,3780.0,3720.0,3720.0,3750.0,72362700.0,3488.7841796875
2018-04-24,3830.0,3770.0,3810.0,3830.0,81396500.0,3563.21142578125
2018-04-25,3830.0,3830.0,3830.0,3830.0,0.0,3563.21142578125
2018-04-26,3830.0,3830.0,3830.0,3830.0,0.0,3563.21142578125
2018-04-27,3830.0,3830.0,3830.0,3830.0,0.0,3563.21142578125
2018-04-30,3870.0,3750.0,3750.0,3830.0,95418200.0,3563.21142578125
2018-05-01,3830.0,3830.0,3830.0,3830.0,0.0,3563.21142578125
2018-05-02,3880.0,3780.0,3810.0,3870.0,118872100.0,3600.425048828125
2018-05-03,3860.0,3740.0,3850.0,3740.0,91601300.0,3479.480712890625
2018-05-04,3750.0,3650.0,3700.0,3730.0,80894300.0,3470.17724609375
2018-05-07,3820.0,3730.0,3750.0,3800.0,97351600.0,3535.301025390625
2018-05-08,3670.0,3570.0,3650.0,3620.0,107379900.0,3397.82275390625
2018-05-09,3780.0,3530.0,3600.0,3700.0,149687500.0,3472.912841796875
2018-05-10,3700.0,3700.0,3700.0,3700.0,0.0,3472.912841796875
2018-05-11,3750.0,3620.0,3700.0,3630.0,120995700.0,3407.209228515625
2018-05-14,3610.0,3500.0,3560.0,3540.0,161018200.0,3322.73291015625
2018-05-15,3530.0,3350.0,3520.0,3370.0,230994800.0,3163.16650390625
2018-05-16,3530.0,3250.0,3280.0,3480.0,205406800.0,3266.415283203125
2018-05-17,3610.0,3490.0,3510.0,3490.0,179026500.0,3275.801513671875
2018-05-18,3530.0,3400.0,3520.0,3490.0,75748600.0,3275.801513671875
2018-05-21,3490.0,3410.0,3490.0,3420.0,57210900.0,3210.097900390625
2018-05-22,3500.0,3420.0,3420.0,3470.0,78667200.0,3257.029052734375
2018-05-23,3530.0,3450.0,3460.0,3470.0,110630200.0,3257.029052734375
2018-05-24,3590.0,3480.0,3480.0,3560.0,84178300.0,3341.50537109375
2018-05-25,3590.0,3530.0,3540.0,3560.0,66374400.0,3341.50537109375
2018-05-28,3700.0,3560.0,3580.0,3690.0,90299200.0,3463.526611328125
2018-05-29,3690.0,3690.0,3690.0,3690.0,0.0,3463.526611328125
2018-05-30,3730.0,3590.0,3600.0,3600.0,148933500.0,3379.05029296875
2018-05-31,3610.0,3500.0,3600.0,3520.0,255204300.0,3303.960205078125
2018-06-01,3520.0,3520.0,3520.0,3520.0,0.0,3303.960205078125
2018-06-04,3660.0,3530.0,3540.0,3640.0,141754800.0,3416.59521484375
2018-06-05,3860.0,3660.0,3680.0,3830.0,181376800.0,3594.93408203125
2018-06-06,3830.0,3760.0,3790.0,3790.0,143554900.0,3557.38916015625
2018-06-07,3830.0,3770.0,3800.0,3770.0,122724300.0,3538.616455078125
2018-06-08,3730.0,3600.0,3710.0,3610.0,260396300.0,3388.436279296875
2018-06-11,3610.0,3610.0,3610.0,3610.0,0.0,3388.436279296875
2018-06-12,3610.0,3610.0,3610.0,3610.0,0.0,3388.436279296875
2018-06-13,3610.0,3610.0,3610.0,3610.0,0.0,3388.436279296875
2018-06-14,3610.0,3610.0,3610.0,3610.0,0.0,3388.436279296875
2018-06-15,3610.0,3610.0,3610.0,3610.0,0.0,3388.436279296875
2018-06-18,3610.0,3610.0,3610.0,3610.0,0.0,3388.436279296875
2018-06-19,3610.0,3610.0,3610.0,3610.0,0.0,3388.436279296875
2018-06-20,3710.0,3510.0,3540.0,3710.0,295386100.0,3482.299072265625
2018-06-21,3700.0,3610.0,3650.0,3610.0,123848500.0,3388.436279296875
2018-06-22,3630.0,3540.0,3610.0,3580.0,121490900.0,3360.27783203125
2018-06-25,3690.0,3600.0,3630.0,3660.0,97826600.0,3435.36767578125
2018-06-26,3700.0,3600.0,3600.0,3690.0,91252300.0,3463.526611328125
2018-06-27,3780.0,3690.0,3690.0,3710.0,106616500.0,3482.299072265625
2018-06-28,3720.0,3660.0,3700.0,3660.0,133779300.0,3435.36767578125
2018-06-29,3750.0,3640.0,3650.0,3750.0,79116600.0,3519.843994140625
2018-07-02,3800.0,3710.0,3800.0,3750.0,55810800.0,3519.843994140625
2018-07-03,3740.0,3670.0,3740.0,3700.0,79439500.0,3472.912841796875
2018-07-04,3810.0,3630.0,3700.0,3760.0,54884500.0,3529.230224609375
2018-07-05,3830.0,3760.0,3800.0,3830.0,59717900.0,3594.93408203125
2018-07-06,3890.0,3830.0,3850.0,3860.0,67655200.0,3623.0927734375
2018-07-09,4000.0,3880.0,3900.0,3980.0,68798500.0,3735.727783203125
2018-07-10,4050.0,3960.0,3990.0,4030.0,118127300.0,3782.6591796875
2018-07-11,4080.0,3960.0,4000.0,4060.0,144055300.0,3810.81787109375
2018-07-12,4110.0,4040.0,4050.0,4100.0,114531700.0,3848.36279296875
2018-07-13,4100.0,3970.0,4080.0,4020.0,120852800.0,3773.272705078125
2018-07-16,4030.0,3860.0,3970.0,3940.0,66229700.0,3698.182861328125
2018-07-17,3970.0,3890.0,3970.0,3940.0,53740400.0,3698.182861328125
2018-07-18,4030.0,3890.0,3910.0,4010.0,75157800.0,3763.886474609375
2018-07-19,4000.0,3910.0,4000.0,3910.0,65340900.0,3670.02392578125
2018-07-20,3990.0,3890.0,3900.0,3990.0,66456000.0,3745.114013671875
2018-07-23,4090.0,4010.0,4030.0,4060.0,74605900.0,3810.81787109375
2018-07-24,4090.0,4030.0,4090.0,4030.0,64353800.0,3782.6591796875
2018-07-25,4060.0,3900.0,4060.0,3900.0,55617500.0,3660.637939453125
2018-07-26,3940.0,3890.0,3920.0,3930.0,55761900.0,3688.79638671875
2018-07-27,3950.0,3890.0,3910.0,3940.0,52506800.0,3698.182861328125
2018-07-30,3950.0,3890.0,3890.0,3910.0,49045100.0,3670.02392578125
2018-07-31,3830.0,3550.0,3830.0,3570.0,339081700.0,3350.891357421875
2018-08-01,3600.0,3500.0,3570.0,3550.0,190720900.0,3332.118896484375
2018-08-02,3590.0,3450.0,3550.0,3500.0,171276100.0,3285.187744140625
2018-08-03,3490.0,3430.0,3480.0,3460.0,224005400.0,3247.642822265625
2018-08-06,3670.0,3480.0,3480.0,3650.0,231846400.0,3425.981689453125
2018-08-07,3670.0,3570.0,3650.0,3580.0,111024900.0,3360.27783203125
2018-08-08,3600.0,3520.0,3600.0,3550.0,109077400.0,3332.118896484375
2018-08-09,3550.0,3490.0,3520.0,3490.0,110452900.0,3275.801513671875
2018-08-10,3540.0,3480.0,3510.0,3500.0,79851700.0,3285.187744140625
2018-08-13,3450.0,3360.0,3440.0,3370.0,106124800.0,3163.16650390625
2018-08-14,3440.0,3330.0,3360.0,3350.0,108189200.0,3144.39404296875
2018-08-15,3450.0,3310.0,3350.0,3430.0,95526000.0,3219.48388671875
2018-08-16,3430.0,3350.0,3390.0,3350.0,112653900.0,3144.39404296875
2018-08-17,3350.0,3350.0,3350.0,3350.0,0.0,3144.39404296875
2018-08-20,3450.0,3370.0,3420.0,3390.0,163133800.0,3181.93896484375
2018-08-21,3440.0,3350.0,3400.0,3350.0,126746000.0,3144.39404296875
2018-08-22,3350.0,3350.0,3350.0,3350.0,0.0,3144.39404296875
2018-08-23,3390.0,3290.0,3390.0,3300.0,209401300.0,3097.462646484375
2018-08-24,3340.0,3270.0,3290.0,3290.0,103476200.0,3088.07666015625
2018-08-27,3480.0,3310.0,3330.0,3460.0,142917000.0,3247.642822265625
2018-08-28,3600.0,3480.0,3480.0,3580.0,224122500.0,3360.27783203125
2018-08-29,3610.0,3520.0,3560.0,3580.0,126710100.0,3360.27783203125
2018-08-30,3590.0,3510.0,3580.0,3510.0,80352300.0,3294.573974609375
2018-08-31,3520.0,3460.0,3500.0,3490.0,109920300.0,3275.801513671875
2018-09-03,3550.0,3480.0,3520.0,3490.0,46014400.0,3275.801513671875
2018-09-04,3510.0,3410.0,3500.0,3420.0,77620800.0,3210.097900390625
2018-09-05,3400.0,3250.0,3400.0,3270.0,183864900.0,3069.303955078125
2018-09-06,3380.0,3250.0,3250.0,3360.0,172294300.0,3153.7802734375
2018-09-07,3390.0,3320.0,3360.0,3390.0,99447200.0,3181.93896484375
2018-09-10,3400.0,3350.0,3380.0,3380.0,48741600.0,3172.552734375
2018-09-11,3380.0,3380.0,3380.0,3380.0,0.0,3172.552734375
2018-09-12,3390.0,3310.0,3380.0,3320.0,81217700.0,3116.235107421875
2018-09-13,3470.0,3370.0,3370.0,3450.0,115198100.0,3238.256591796875
2018-09-14,3600.0,3470.0,3470.0,3590.0,156541000.0,3369.663818359375
2018-09-17,3570.0,3430.0,3550.0,3470.0,95431800.0,3257.029052734375
2018-09-18,3590.0,3440.0,3470.0,3570.0,132571400.0,3350.891357421875
2018-09-19,3610.0,3540.0,3580.0,3550.0,88139600.0,3332.118896484375
2018-09-20,3640.0,3570.0,3590.0,3600.0,80194400.0,3379.05029296875
2018-09-21,3630.0,3550.0,3630.0,3600.0,98577800.0,3379.05029296875
2018-09-24,3600.0,3510.0,3590.0,3540.0,48101000.0,3322.73291015625
2018-09-25,3560.0,3520.0,3540.0,3560.0,25350200.0,3341.50537109375
2018-09-26,3590.0,3540.0,3550.0,3540.0,51055900.0,3322.73291015625
2018-09-27,3590.0,3550.0,3580.0,3580.0,49549400.0,3360.27783203125
2018-09-28,3670.0,3600.0,3600.0,3640.0,116695900.0,3416.59521484375
2018-10-01,3690.0,3610.0,3610.0,3670.0,45504900.0,3444.754150390625
2018-10-02,3670.0,3580.0,3640.0,3620.0,61393800.0,3397.82275390625
2018-10-03,3640.0,3570.0,3570.0,3600.0,46611900.0,3379.05029296875
2018-10-04,3600.0,3510.0,3570.0,3600.0,82550500.0,3379.05029296875
2018-10-05,3600.0,3530.0,3540.0,3530.0,59270300.0,3313.346435546875
2018-10-08,3530.0,3470.0,3500.0,3520.0,71886100.0,3303.960205078125
2018-10-09,3620.0,3520.0,3530.0,3590.0,58708100.0,3369.663818359375
2018-10-10,3640.0,3560.0,3640.0,3600.0,31937500.0,3379.05029296875
2018-10-11,3640.0,3480.0,3500.0,3570.0,114418300.0,3350.891357421875
2018-10-12,3700.0,3620.0,3630.0,3680.0,87991200.0,3454.14013671875
2018-10-15,3750.0,3650.0,3700.0,3660.0,68466400.0,3435.36767578125
2018-10-16,3780.0,3680.0,3680.0,3780.0,98103600.0,3548.002685546875
2018-10-17,3910.0,3800.0,3800.0,3900.0,122953700.0,3660.637939453125
2018-10-18,3880.0,3720.0,3840.0,3760.0,102322600.0,3529.230224609375
2018-10-19,3770.0,3690.0,3700.0,3730.0,140162100.0,3501.071533203125
2018-10-22,3830.0,3730.0,3730.0,3800.0,57680500.0,3566.775146484375
2018-10-23,3800.0,3670.0,3800.0,3700.0,53266800.0,3472.912841796875
2018-10-24,3710.0,3520.0,3700.0,3520.0,117672200.0,3303.960205078125
2018-10-25,3580.0,3460.0,3490.0,3550.0,120108900.0,3332.118896484375
2018-10-26,3660.0,3580.0,3580.0,3630.0,100554100.0,3407.209228515625
2018-10-29,3660.0,3580.0,3630.0,3660.0,54304000.0,3435.36767578125
2018-10-30,3850.0,3630.0,3640.0,3800.0,158933000.0,3566.775146484375
2018-10-31,3870.0,3730.0,3850.0,3850.0,140351400.0,3613.70654296875
2018-11-01,3880.0,3810.0,3850.0,3880.0,69586900.0,3641.865478515625
2018-11-02,3940.0,3880.0,3900.0,3940.0,98072700.0,3698.182861328125
2018-11-05,3910.0,3850.0,3850.0,3890.0,60121700.0,3651.25146484375
2018-11-06,3930.0,3820.0,3930.0,3890.0,58088000.0,3651.25146484375
2018-11-07,3950.0,3870.0,3900.0,3950.0,98350100.0,3707.56884765625
2018-11-08,4000.0,3920.0,3970.0,4000.0,74004300.0,3754.500244140625
2018-11-09,3960.0,3920.0,3960.0,3920.0,45243300.0,3679.410400390625
2018-11-12,3950.0,3860.0,3890.0,3860.0,57256000.0,3623.0927734375
2018-11-13,3850.0,3750.0,3810.0,3830.0,89819400.0,3594.93408203125
2018-11-14,3880.0,3750.0,3860.0,3750.0,72968500.0,3519.843994140625
2018-11-15,3940.0,3790.0,3800.0,3910.0,71440400.0,3670.02392578125
2018-11-16,4110.0,3920.0,3930.0,4050.0,128595600.0,3801.431640625
2018-11-19,4050.0,3930.0,4050.0,3950.0,72785900.0,3707.56884765625
2018-11-20,3950.0,3950.0,3950.0,3950.0,0.0,3707.56884765625
2018-11-21,3960.0,3850.0,3860.0,3960.0,97525800.0,3716.955322265625
2018-11-22,3990.0,3910.0,3910.0,3980.0,52279900.0,3735.727783203125
2018-11-23,4000.0,3950.0,3980.0,3990.0,35499400.0,3745.114013671875
2018-11-26,4000.0,3950.0,3980.0,3990.0,43879100.0,3745.114013671875
2018-11-27,3950.0,3850.0,3940.0,3880.0,116422400.0,3641.865478515625
2018-11-28,3900.0,3710.0,3890.0,3720.0,195860500.0,3491.685302734375
2018-11-29,3810.0,3710.0,3770.0,3740.0,120921500.0,3510.457763671875
2018-11-30,3780.0,3680.0,3760.0,3680.0,151545800.0,3454.14013671875
2018-12-03,3770.0,3700.0,3740.0,3700.0,106891000.0,3472.912841796875
2018-12-04,3780.0,3720.0,3720.0,3780.0,121586400.0,3548.002685546875
2018-12-05,3800.0,3730.0,3740.0,3770.0,58424400.0,3538.616455078125
2018-12-06,3770.0,3700.0,3740.0,3710.0,62164100.0,3482.299072265625
2018-12-07,3710.0,3660.0,3700.0,3670.0,92902000.0,3444.754150390625
2018-12-10,3720.0,3610.0,3650.0,3680.0,70093700.0,3454.14013671875
2018-12-11,3670.0,3610.0,3640.0,3620.0,88050700.0,3397.82275390625
2018-12-12,3670.0,3620.0,3660.0,3650.0,87333000.0,3425.981689453125
2018-12-13,3780.0,3660.0,3680.0,3750.0,118965900.0,3519.843994140625
2018-12-14,3840.0,3730.0,3800.0,3730.0,139547100.0,3501.071533203125
2018-12-17,3770.0,3710.0,3740.0,3710.0,86251600.0,3482.299072265625
2018-12-18,3740.0,3680.0,3700.0,3740.0,79833100.0,3510.457763671875
2018-12-19,3810.0,3740.0,3740.0,3810.0,81542500.0,3576.16162109375
2018-12-20,3810.0,3720.0,3810.0,3740.0,100129200.0,3510.457763671875
2018-12-21,3770.0,3700.0,3700.0,3760.0,114752300.0,3529.230224609375
2018-12-24,3760.0,3760.0,3760.0,3760.0,0.0,3529.230224609375
2018-12-25,3760.0,3760.0,3760.0,3760.0,0.0,3529.230224609375
2018-12-26,3750.0,3700.0,3730.0,3730.0,50416400.0,3501.071533203125
2018-12-27,3790.0,3730.0,3780.0,3750.0,49980900.0,3519.843994140625
2018-12-28,3780.0,3750.0,3770.0,3750.0,48224400.0,3519.843994140625
2018-12-31,3750.0,3750.0,3750.0,3750.0,0.0,3519.843994140625
2019-01-01,3750.0,3750.0,3750.0,3750.0,0.0,3519.843994140625
2019-01-02,3760.0,3700.0,3750.0,3730.0,31355300.0,3501.071533203125
2019-01-03,3770.0,3690.0,3710.0,3740.0,83842400.0,3510.457763671875
2019-01-04,3740.0,3690.0,3690.0,3710.0,73936900.0,3482.299072265625
2019-01-07,3790.0,3750.0,3760.0,3770.0,83678100.0,3538.616455078125
2019-01-08,3800.0,3750.0,3770.0,3800.0,67963700.0,3566.775146484375
2019-01-09,3830.0,3730.0,3820.0,3730.0,98529400.0,3501.071533203125
2019-01-10,3800.0,3740.0,3760.0,3800.0,126396700.0,3566.775146484375
2019-01-11,3860.0,3800.0,3820.0,3860.0,116753700.0,3623.0927734375
2019-01-14,3850.0,3790.0,3810.0,3850.0,68487000.0,3613.70654296875
2019-01-15,3930.0,3850.0,3860.0,3930.0,83464900.0,3688.79638671875
2019-01-16,4000.0,3920.0,3940.0,3990.0,139056700.0,3745.114013671875
2019-01-17,3990.0,3960.0,3970.0,3990.0,78766100.0,3745.114013671875
2019-01-18,4020.0,3970.0,4010.0,4020.0,76350400.0,3773.272705078125
2019-01-21,4050.0,4020.0,4040.0,4030.0,83317600.0,3782.6591796875
2019-01-22,4010.0,3930.0,4000.0,4000.0,95420500.0,3754.500244140625
2019-01-23,3980.0,3920.0,3950.0,3920.0,72518500.0,3679.410400390625
2019-01-24,3910.0,3830.0,3900.0,3860.0,118836500.0,3623.0927734375
2019-01-25,3930.0,3840.0,3880.0,3880.0,75844000.0,3641.865478515625
2019-01-28,3890.0,3730.0,3880.0,3780.0,168983100.0,3548.002685546875
2019-01-29,3850.0,3780.0,3780.0,3840.0,118131200.0,3604.3203125
2019-01-30,3890.0,3830.0,3850.0,3860.0,85903100.0,3623.0927734375
2019-01-31,3920.0,3870.0,3900.0,3900.0,110953700.0,3660.637939453125
2019-02-01,3930.0,3830.0,3910.0,3870.0,79588900.0,3632.47900390625
2019-02-04,3890.0,3780.0,3890.0,3780.0,70070500.0,3548.002685546875
2019-02-05,3780.0,3780.0,3780.0,3780.0,0.0,3548.002685546875
2019-02-06,3870.0,3820.0,3820.0,3860.0,72180200.0,3623.0927734375
2019-02-07,3890.0,3830.0,3890.0,3860.0,39141500.0,3623.0927734375
2019-02-08,3850.0,3810.0,3810.0,3850.0,32131700.0,3613.70654296875
2019-02-11,3940.0,3860.0,3870.0,3930.0,88628900.0,3688.79638671875
2019-02-12,3910.0,3800.0,3900.0,3820.0,92427800.0,3585.5478515625
2019-02-13,3850.0,3780.0,3840.0,3790.0,113161100.0,3557.38916015625
2019-02-14,3810.0,3740.0,3790.0,3740.0,76939400.0,3510.457763671875
2019-02-15,3800.0,3730.0,3770.0,3790.0,67812600.0,3557.38916015625
2019-02-18,3920.0,3830.0,3830.0,3900.0,80275800.0,3660.637939453125
2019-02-19,3940.0,3900.0,3930.0,3920.0,82962700.0,3679.410400390625
2019-02-20,3940.0,3830.0,3940.0,3870.0,87933000.0,3632.47900390625
2019-02-21,3890.0,3860.0,3870.0,3870.0,48031100.0,3632.47900390625
2019-02-22,3870.0,3820.0,3870.0,3840.0,61392700.0,3604.3203125
2019-02-25,3920.0,3850.0,3900.0,3910.0,53792400.0,3670.02392578125
2019-02-26,3930.0,3880.0,3920.0,3930.0,49657300.0,3688.79638671875
2019-02-27,3940.0,3890.0,3900.0,3910.0,48788200.0,3670.02392578125
2019-02-28,3900.0,3840.0,3880.0,3860.0,161156000.0,3623.0927734375
2019-03-01,3920.0,3880.0,3890.0,3910.0,49810100.0,3670.02392578125
2019-03-04,3910.0,3850.0,3910.0,3850.0,32250500.0,3613.70654296875
2019-03-05,3890.0,3820.0,3890.0,3870.0,41171000.0,3632.47900390625
2019-03-06,3880.0,3820.0,3860.0,3820.0,69927600.0,3585.5478515625
2019-03-07,3820.0,3820.0,3820.0,3820.0,0.0,3585.5478515625
2019-03-08,3820.0,3740.0,3810.0,3740.0,105963500.0,3510.457763671875
2019-03-11,3820.0,3760.0,3780.0,3800.0,43971600.0,3566.775146484375
2019-03-12,3820.0,3730.0,3800.0,3760.0,43343700.0,3529.230224609375
2019-03-13,3770.0,3710.0,3730.0,3720.0,45607600.0,3491.685302734375
2019-03-14,3760.0,3710.0,3720.0,3740.0,62094100.0,3510.457763671875
2019-03-15,3760.0,3710.0,3720.0,3750.0,68778100.0,3519.843994140625
2019-03-18,3820.0,3760.0,3770.0,3820.0,44322600.0,3585.5478515625
2019-03-19,3820.0,3770.0,3800.0,3780.0,33156500.0,3548.002685546875
2019-03-20,3820.0,3750.0,3810.0,3760.0,42784600.0,3529.230224609375
2019-03-21,3810.0,3780.0,3800.0,3790.0,36527500.0,3557.38916015625
2019-03-22,3820.0,3790.0,3800.0,3800.0,26772900.0,3566.775146484375
2019-03-25,3790.0,3720.0,3730.0,3790.0,49162900.0,3557.38916015625
2019-03-26,3820.0,3780.0,3780.0,3820.0,23049100.0,3585.5478515625
2019-03-27,3840.0,3810.0,3840.0,3820.0,35521900.0,3585.5478515625
2019-03-28,3890.0,3810.0,3820.0,3880.0,55847200.0,3641.865478515625
2019-03-29,3970.0,3880.0,3880.0,3960.0,82231400.0,3716.955322265625
2019-04-01,3960.0,3900.0,3950.0,3930.0,28246400.0,3688.79638671875
2019-04-02,3950.0,3910.0,3910.0,3930.0,35443400.0,3688.79638671875
2019-04-03,3930.0,3930.0,3930.0,3930.0,0.0,3688.79638671875
2019-04-04,4040.0,3950.0,3980.0,4030.0,96122100.0,3782.6591796875
2019-04-05,4090.0,4000.0,4020.0,4060.0,66832600.0,3810.81787109375
2019-04-08,4030.0,3940.0,4020.0,3950.0,73208300.0,3707.56884765625
2019-04-09,4000.0,3910.0,3980.0,3950.0,88580200.0,3707.56884765625
2019-04-10,3950.0,3890.0,3920.0,3930.0,52555500.0,3688.79638671875
2019-04-11,3930.0,3880.0,3900.0,3890.0,51480700.0,3651.25146484375
2019-04-12,3870.0,3810.0,3820.0,3830.0,45324300.0,3594.93408203125
2019-04-15,3860.0,3810.0,3860.0,3830.0,44510600.0,3594.93408203125
2019-04-16,3880.0,3830.0,3830.0,3870.0,62572100.0,3632.47900390625
2019-04-17,3870.0,3870.0,3870.0,3870.0,0.0,3632.47900390625
2019-04-18,3950.0,3840.0,3920.0,3860.0,119263400.0,3623.0927734375
2019-04-19,3860.0,3860.0,3860.0,3860.0,0.0,3623.0927734375
2019-04-22,3860.0,3780.0,3860.0,3780.0,48671200.0,3548.002685546875
2019-04-23,3870.0,3730.0,3780.0,3850.0,86443700.0,3613.70654296875
2019-04-24,3860.0,3780.0,3850.0,3840.0,76660900.0,3604.3203125
2019-04-25,3840.0,3790.0,3800.0,3830.0,52775100.0,3594.93408203125
2019-04-26,3910.0,3800.0,3800.0,3910.0,66452700.0,3670.02392578125
2019-04-29,3900.0,3850.0,3850.0,3860.0,50143700.0,3623.0927734375
2019-04-30,3890.0,3750.0,3890.0,3790.0,132318200.0,3557.38916015625
2019-05-01,3790.0,3790.0,3790.0,3790.0,0.0,3557.38916015625
2019-05-02,3880.0,3760.0,3760.0,3830.0,136768800.0,3594.93408203125
2019-05-03,3830.0,3760.0,3800.0,3820.0,101522800.0,3585.5478515625
2019-05-06,3840.0,3720.0,3760.0,3840.0,107167400.0,3604.3203125
2019-05-07,3910.0,3840.0,3870.0,3900.0,74814500.0,3660.637939453125
2019-05-08,3920.0,3870.0,3890.0,3900.0,77743400.0,3660.637939453125
2019-05-09,3900.0,3800.0,3860.0,3800.0,74716500.0,3566.775146484375
2019-05-10,3840.0,3790.0,3800.0,3790.0,66672500.0,3557.38916015625
2019-05-13,3840.0,3760.0,3820.0,3770.0,47605100.0,3538.616455078125
2019-05-14,3800.0,3720.0,3730.0,3760.0,77483200.0,3529.230224609375
2019-05-15,3790.0,3660.0,3770.0,3660.0,57596600.0,3435.36767578125
2019-05-16,3720.0,3530.0,3660.0,3600.0,107366200.0,3379.05029296875
2019-05-17,3620.0,3500.0,3610.0,3510.0,94437400.0,3294.573974609375
2019-05-20,3620.0,3480.0,3520.0,3600.0,82354400.0,3379.05029296875
2019-05-21,3630.0,3550.0,3600.0,3600.0,106104000.0,3379.05029296875
2019-05-22,3600.0,3540.0,3590.0,3540.0,63687000.0,3322.73291015625
2019-05-23,3690.0,3540.0,3540.0,3660.0,113281100.0,3435.36767578125
2019-05-24,3780.0,3690.0,3700.0,3750.0,87594500.0,3519.843994140625
2019-05-27,3830.0,3750.0,3760.0,3820.0,87146600.0,3585.5478515625
2019-05-28,3820.0,3690.0,3800.0,3690.0,322246900.0,3463.526611328125
2019-05-29,3830.0,3730.0,3750.0,3780.0,122534500.0,3548.002685546875
2019-05-30,3780.0,3780.0,3780.0,3780.0,0.0,3548.002685546875
2019-05-31,3930.0,3780.0,3780.0,3900.0,194331700.0,3660.637939453125
2019-06-03,3900.0,3900.0,3900.0,3900.0,0.0,3660.637939453125
2019-06-04,3900.0,3900.0,3900.0,3900.0,0.0,3660.637939453125
2019-06-05,3900.0,3900.0,3900.0,3900.0,0.0,3660.637939453125
2019-06-06,3900.0,3900.0,3900.0,3900.0,0.0,3660.637939453125
2019-06-07,3900.0,3900.0,3900.0,3900.0,0.0,3660.637939453125
2019-06-10,4060.0,3970.0,4000.0,4040.0,222522800.0,3792.045166015625
2019-06-11,4060.0,4000.0,4010.0,4020.0,88861700.0,3773.272705078125
2019-06-12,3950.0,3840.0,3880.0,3940.0,134724400.0,3749.110595703125
2019-06-13,3990.0,3900.0,3940.0,3990.0,115734700.0,3796.68798828125
2019-06-14,4050.0,3970.0,4020.0,3990.0,92466800.0,3796.68798828125
2019-06-17,3970.0,3900.0,3950.0,3900.0,60851700.0,3711.048583984375
2019-06-18,3990.0,3890.0,3890.0,3980.0,66112800.0,3787.172607421875
2019-06-20,4110.0,4020.0,4110.0,4040.0,57673700.0,3844.265625
2019-06-21,4040.0,3950.0,4010.0,4040.0,154049700.0,3844.265625
2019-06-24,4050.0,3970.0,4050.0,3980.0,50525100.0,3787.172607421875
2019-06-25,4040.0,4000.0,4040.0,4010.0,42601100.0,3815.718994140625
2019-06-26,4050.0,3980.0,4020.0,3980.0,56092200.0,3787.172607421875
2019-06-27,4120.0,4000.0,4010.0,4090.0,94221200.0,3891.84326171875
2019-06-28,4200.0,4090.0,4100.0,4140.0,130153100.0,3939.420654296875
2019-07-01,4240.0,4170.0,4200.0,4220.0,79382300.0,4015.544921875
2019-07-02,4250.0,4180.0,4240.0,4250.0,87999800.0,4044.09130859375
2019-07-03,4240.0,4160.0,4160.0,4240.0,63296200.0,4034.575927734375
2019-07-04,4260.0,4190.0,4190.0,4250.0,38459300.0,4044.09130859375
2019-07-05,4280.0,4240.0,4260.0,4280.0,50332800.0,4072.637939453125
2019-07-08,4290.0,4210.0,4230.0,4270.0,57903400.0,4063.122314453125
2019-07-09,4370.0,4270.0,4300.0,4350.0,124822400.0,4139.24658203125
2019-07-10,4320.0,4260.0,4310.0,4290.0,62529900.0,4082.1533203125
2019-07-11,4280.0,4240.0,4250.0,4270.0,25645900.0,4063.122314453125
2019-07-12,4250.0,4170.0,4240.0,4180.0,57088600.0,3977.482666015625
2019-07-15,4290.0,4230.0,4250.0,4280.0,66960500.0,4072.637939453125
2019-07-16,4280.0,4210.0,4240.0,4240.0,45461500.0,4034.575927734375
2019-07-17,4260.0,4220.0,4250.0,4230.0,32069800.0,4025.060302734375
2019-07-18,4250.0,4210.0,4220.0,4240.0,45408100.0,4034.575927734375
2019-07-19,4280.0,4250.0,4260.0,4270.0,60692800.0,4063.122314453125
2019-07-22,4270.0,4230.0,4250.0,4260.0,37513700.0,4053.60693359375
2019-07-23,4270.0,4200.0,4260.0,4250.0,62628100.0,4044.09130859375
2019-07-24,4240.0,4160.0,4230.0,4190.0,73904300.0,3986.998291015625
2019-07-25,4240.0,4160.0,4160.0,4210.0,49276300.0,4006.029296875
2019-07-26,4210.0,4110.0,4160.0,4160.0,70952400.0,3958.45166015625
2019-07-29,4240.0,4140.0,4150.0,4200.0,54336900.0,3996.513671875
2019-07-30,4300.0,4260.0,4280.0,4270.0,88417200.0,4063.122314453125
2019-07-31,4300.0,4210.0,4240.0,4300.0,175741000.0,4091.6689453125
2019-08-01,4300.0,4260.0,4300.0,4280.0,94856600.0,4072.637939453125
2019-08-02,4300.0,4250.0,4280.0,4280.0,82253800.0,4072.637939453125
2019-08-05,4220.0,4060.0,4200.0,4080.0,112253200.0,3882.32763671875
2019-08-06,4190.0,4050.0,4060.0,4130.0,108890100.0,3929.9052734375
2019-08-07,4270.0,4170.0,4230.0,4210.0,104785500.0,4006.029296875
2019-08-08,4290.0,4240.0,4270.0,4260.0,95204000.0,4053.60693359375
2019-08-09,4300.0,4240.0,4300.0,4260.0,89600500.0,4053.60693359375
2019-08-12,4320.0,4230.0,4300.0,4260.0,41817800.0,4053.60693359375
2019-08-13,4290.0,4230.0,4290.0,4250.0,98757900.0,4044.09130859375
2019-08-14,4300.0,4270.0,4300.0,4290.0,84928200.0,4082.1533203125
2019-08-15,4290.0,4200.0,4200.0,4290.0,97255500.0,4082.1533203125
2019-08-16,4310.0,4220.0,4300.0,4280.0,51853900.0,4072.637939453125
2019-08-19,4340.0,4290.0,4340.0,4340.0,86011300.0,4129.73095703125
2019-08-20,4470.0,4340.0,4350.0,4470.0,143171600.0,4253.4326171875
2019-08-21,4500.0,4390.0,4460.0,4410.0,99649300.0,4196.33935546875
2019-08-22,4450.0,4320.0,4380.0,4450.0,110968600.0,4234.4013671875
2019-08-23,4450.0,4340.0,4390.0,4380.0,83823900.0,4167.79296875
2019-08-26,4360.0,4280.0,4280.0,4330.0,77603200.0,4120.21533203125
2019-08-27,4410.0,4320.0,4390.0,4380.0,168209400.0,4167.79296875
2019-08-28,4430.0,4350.0,4430.0,4370.0,68091100.0,4158.27734375
2019-08-29,4440.0,4370.0,4370.0,4380.0,65718900.0,4167.79296875
2019-08-30,4450.0,4420.0,4430.0,4450.0,95138200.0,4234.4013671875
2019-09-02,4450.0,4400.0,4440.0,4410.0,27531000.0,4196.33935546875
2019-09-03,4440.0,4330.0,4440.0,4350.0,66884700.0,4139.24658203125
2019-09-04,4350.0,4280.0,4310.0,4290.0,78905600.0,4082.1533203125
2019-09-05,4360.0,4290.0,4290.0,4320.0,97098300.0,4110.69970703125
2019-09-06,4360.0,4210.0,4360.0,4210.0,117223300.0,4006.029296875
2019-09-09,4300.0,4240.0,4280.0,4270.0,47057300.0,4063.122314453125
2019-09-10,4300.0,4250.0,4300.0,4270.0,80403000.0,4063.122314453125
2019-09-11,4300.0,4210.0,4300.0,4250.0,90211600.0,4044.09130859375
2019-09-12,4230.0,4160.0,4220.0,4170.0,70382200.0,3967.96728515625
2019-09-13,4230.0,4160.0,4230.0,4160.0,64074800.0,3958.45166015625
2019-09-16,4260.0,4160.0,4160.0,4220.0,85284700.0,4015.544921875
2019-09-17,4280.0,4220.0,4240.0,4270.0,86432000.0,4063.122314453125
2019-09-18,4280.0,4230.0,4250.0,4250.0,72359600.0,4044.09130859375
2019-09-19,4260.0,4190.0,4260.0,4210.0,58720600.0,4006.029296875
2019-09-20,4300.0,4230.0,4250.0,4290.0,132359100.0,4082.1533203125
2019-09-23,4300.0,4230.0,4290.0,4250.0,70483600.0,4044.09130859375
2019-09-24,4240.0,4150.0,4210.0,4210.0,88979100.0,4006.029296875
2019-09-25,4250.0,4180.0,4220.0,4220.0,84582300.0,4015.544921875
2019-09-26,4370.0,4200.0,4220.0,4360.0,79324000.0,4148.76171875
2019-09-27,4350.0,4300.0,4310.0,4310.0,52305800.0,4101.1845703125
2019-09-30,4330.0,4270.0,4270.0,4310.0,111879100.0,4101.1845703125
2019-10-01,4400.0,4220.0,4400.0,4250.0,60332400.0,4044.09130859375
2019-10-02,4300.0,4190.0,4260.0,4200.0,51606300.0,3996.513671875
2019-10-03,4250.0,4160.0,4190.0,4200.0,56433000.0,3996.513671875
2019-10-04,4250.0,4180.0,4250.0,4190.0,34082000.0,3986.998291015625
2019-10-07,4240.0,4090.0,4240.0,4110.0,42996900.0,3910.874267578125
2019-10-08,4170.0,4060.0,4170.0,4090.0,74448900.0,3891.84326171875
2019-10-09,4170.0,4080.0,4090.0,4120.0,59314500.0,3920.3896484375
2019-10-10,4120.0,4060.0,4060.0,4110.0,34345600.0,3910.874267578125
2019-10-11,4170.0,4100.0,4100.0,4170.0,42198800.0,3967.96728515625
2019-10-14,4210.0,4150.0,4200.0,4190.0,52681800.0,3986.998291015625
2019-10-15,4190.0,4150.0,4190.0,4170.0,64670200.0,3967.96728515625
2019-10-16,4190.0,4140.0,4170.0,4170.0,70555700.0,3967.96728515625
2019-10-17,4180.0,4140.0,4160.0,4170.0,50695300.0,3967.96728515625
2019-10-18,4190.0,4160.0,4170.0,4190.0,169540200.0,3986.998291015625
2019-10-21,4250.0,4190.0,4200.0,4200.0,63797000.0,3996.513671875
2019-10-22,4250.0,4200.0,4200.0,4230.0,56711100.0,4025.060302734375
2019-10-23,4270.0,4210.0,4210.0,4260.0,97971900.0,4053.60693359375
2019-10-24,4350.0,4250.0,4300.0,4350.0,99213400.0,4139.24658203125
2019-10-25,4360.0,4270.0,4320.0,4280.0,67661500.0,4072.637939453125
2019-10-28,4280.0,4220.0,4280.0,4260.0,30710600.0,4053.60693359375
2019-10-29,4330.0,4220.0,4230.0,4330.0,68715000.0,4120.21533203125
2019-10-30,4350.0,4210.0,4290.0,4270.0,89575600.0,4063.122314453125
2019-10-31,4240.0,4080.0,4220.0,4110.0,185713300.0,3910.874267578125
2019-11-01,4150.0,4060.0,4090.0,4080.0,107208500.0,3882.32763671875
2019-11-04,4160.0,4080.0,4080.0,4150.0,65897700.0,3948.936279296875
2019-11-05,4200.0,4130.0,4170.0,4200.0,109276000.0,3996.513671875
2019-11-06,4190.0,4110.0,4180.0,4120.0,134618700.0,3920.3896484375
2019-11-07,4150.0,3990.0,4150.0,4070.0,125291200.0,3872.812255859375
2019-11-08,4120.0,3990.0,4010.0,4110.0,70404800.0,3910.874267578125
2019-11-11,4120.0,4040.0,4040.0,4100.0,57079800.0,3901.358642578125
2019-11-12,4190.0,4050.0,4050.0,4180.0,88251100.0,3977.482666015625
2019-11-13,4170.0,4100.0,4130.0,4150.0,91925700.0,3948.936279296875
2019-11-14,4130.0,4010.0,4110.0,4050.0,123468500.0,3853.78125
2019-11-15,4090.0,4030.0,4080.0,4080.0,50780500.0,3882.32763671875
2019-11-18,4060.0,3990.0,4040.0,4000.0,104978700.0,3806.20361328125
2019-11-19,4020.0,3970.0,4000.0,4020.0,113996600.0,3825.234619140625
2019-11-20,4090.0,4000.0,4000.0,4090.0,149185500.0,3891.84326171875
2019-11-21,4090.0,4020.0,4050.0,4020.0,64005900.0,3825.234619140625
2019-11-22,4050.0,4000.0,4030.0,4050.0,76569400.0,3853.78125
2019-11-25,4070.0,3940.0,4070.0,3950.0,107581200.0,3758.6259765625
2019-11-26,3960.0,3860.0,3950.0,3860.0,281002600.0,3672.986572265625
2019-11-27,3930.0,3800.0,3870.0,3880.0,97511300.0,3692.017578125
2019-11-28,3900.0,3800.0,3830.0,3820.0,70635000.0,3634.924560546875
2019-11-29,3950.0,3840.0,3860.0,3930.0,72146900.0,3739.594970703125
2019-12-02,3960.0,3930.0,3960.0,3950.0,74263500.0,3758.6259765625
2019-12-03,3940.0,3910.0,3920.0,3920.0,74494000.0,3730.07958984375
2019-12-04,3990.0,3900.0,3920.0,3990.0,64948300.0,3796.68798828125
2019-12-05,4080.0,3990.0,3990.0,4060.0,118494800.0,3863.296630859375
2019-12-06,4100.0,4020.0,4040.0,4100.0,50682100.0,3901.358642578125
2019-12-09,4110.0,4050.0,4080.0,4070.0,80864200.0,3872.812255859375
2019-12-10,4070.0,4010.0,4050.0,4040.0,54824900.0,3844.265625
2019-12-11,4050.0,4000.0,4010.0,4050.0,79749500.0,3853.78125
2019-12-12,4050.0,3950.0,4040.0,3950.0,147627000.0,3758.6259765625
2019-12-13,4020.0,3960.0,4000.0,3990.0,81937300.0,3796.68798828125
2019-12-16,4020.0,3960.0,3970.0,3970.0,86479200.0,3777.656982421875
2019-12-17,3990.0,3950.0,3970.0,3980.0,91747200.0,3787.172607421875
2019-12-18,4000.0,3950.0,3960.0,3990.0,101569300.0,3796.68798828125
2019-12-19,3980.0,3900.0,3970.0,3900.0,127316000.0,3711.048583984375
2019-12-20,4020.0,3900.0,3900.0,4020.0,152132200.0,3825.234619140625
2019-12-23,4030.0,3980.0,4020.0,4020.0,58715700.0,3825.234619140625
2019-12-26,4020.0,3980.0,4020.0,4000.0,36935300.0,3806.20361328125
2019-12-27,4010.0,3980.0,3990.0,3990.0,52812000.0,3796.68798828125
2019-12-30,4030.0,3970.0,3980.0,3970.0,67738300.0,3777.656982421875
2020-01-02,4000.0,3900.0,3970.0,3910.0,52094000.0,3720.56396484375
2020-01-03,3980.0,3930.0,3960.0,3980.0,70032900.0,3787.172607421875
2020-01-06,3970.0,3930.0,3930.0,3960.0,42908900.0,3768.1416015625
2020-01-07,3970.0,3920.0,3930.0,3940.0,51837600.0,3749.110595703125
2020-01-08,3950.0,3900.0,3920.0,3900.0,52402600.0,3711.048583984375
2020-01-09,3970.0,3920.0,3920.0,3960.0,37580300.0,3768.1416015625
2020-01-10,3990.0,3950.0,3980.0,3980.0,48099000.0,3787.172607421875
2020-01-13,4030.0,3990.0,4000.0,4030.0,61913800.0,3834.750244140625
2020-01-14,4000.0,3940.0,3980.0,3950.0,95058600.0,3758.6259765625
2020-01-15,3960.0,3870.0,3960.0,3880.0,147583300.0,3692.017578125
2020-01-16,3890.0,3830.0,3890.0,3850.0,118903100.0,3663.470947265625
2020-01-17,3870.0,3800.0,3860.0,3810.0,119904100.0,3625.408935546875
2020-01-20,3840.0,3800.0,3820.0,3810.0,73599200.0,3625.408935546875
2020-01-21,3900.0,3810.0,3810.0,3890.0,78014400.0,3701.532958984375
2020-01-22,3890.0,3850.0,3890.0,3860.0,45839800.0,3672.986572265625
2020-01-23,3880.0,3830.0,3860.0,3880.0,41077400.0,3692.017578125
2020-01-24,3930.0,3860.0,3880.0,3920.0,58524000.0,3730.07958984375
2020-01-27,3920.0,3830.0,3920.0,3840.0,33081800.0,3653.95556640625
2020-01-28,3840.0,3800.0,3810.0,3830.0,56210000.0,3644.43994140625
2020-01-29,3900.0,3840.0,3840.0,3900.0,51929800.0,3711.048583984375
2020-01-30,3910.0,3850.0,3910.0,3860.0,60391600.0,3672.986572265625
2020-01-31,3890.0,3780.0,3890.0,3800.0,120447900.0,3615.893310546875
2020-02-03,3820.0,3730.0,3800.0,3740.0,68360600.0,3558.80029296875
2020-02-04,3810.0,3730.0,3810.0,3760.0,77259600.0,3577.831298828125
2020-02-05,3780.0,3720.0,3760.0,3770.0,68150800.0,3587.346923828125
2020-02-06,3800.0,3750.0,3800.0,3760.0,56261500.0,3577.831298828125
2020-02-07,3820.0,3760.0,3780.0,3790.0,53578900.0,3606.3779296875
2020-02-10,3850.0,3780.0,3800.0,3810.0,86588500.0,3625.408935546875
2020-02-11,3830.0,3780.0,3810.0,3790.0,50248200.0,3606.3779296875
2020-02-12,3850.0,3780.0,3800.0,3820.0,73840300.0,3634.924560546875
2020-02-13,3830.0,3710.0,3820.0,3730.0,66699800.0,3549.284912109375
2020-02-14,3730.0,3640.0,3680.0,3640.0,108793300.0,3463.645263671875
2020-02-17,3660.0,3590.0,3630.0,3610.0,94887800.0,3435.0986328125
2020-02-18,3660.0,3590.0,3590.0,3620.0,94382900.0,3444.6142578125
2020-02-19,3640.0,3590.0,3620.0,3620.0,63717800.0,3444.6142578125
2020-02-20,3650.0,3600.0,3620.0,3630.0,53035400.0,3454.1298828125
2020-02-21,3710.0,3640.0,3650.0,3690.0,86862600.0,3511.222900390625
2020-02-24,3720.0,3630.0,3670.0,3640.0,72610600.0,3463.645263671875
2020-02-25,3670.0,3590.0,3600.0,3590.0,73990700.0,3416.067626953125
2020-02-26,3550.0,3450.0,3530.0,3510.0,133449900.0,3339.943603515625
2020-02-27,3550.0,3420.0,3510.0,3470.0,88389400.0,3301.881591796875
2020-02-28,3490.0,3340.0,3390.0,3490.0,151751800.0,3320.91259765625
2020-03-02,3550.0,3440.0,3470.0,3440.0,96802900.0,3273.335205078125
2020-03-03,3660.0,3470.0,3510.0,3620.0,114698200.0,3444.6142578125
2020-03-04,3840.0,3630.0,3640.0,3830.0,136081000.0,3644.43994140625
2020-03-05,3880.0,3760.0,3820.0,3830.0,101235000.0,3644.43994140625
2020-03-06,3790.0,3710.0,3730.0,3750.0,86476000.0,3568.31591796875
2020-03-09,3620.0,3500.0,3560.0,3500.0,109347300.0,3330.42822265625
2020-03-10,3620.0,3480.0,3480.0,3490.0,119718000.0,3320.91259765625
2020-03-11,3480.0,3370.0,3470.0,3400.0,115486900.0,3235.27294921875
2020-03-12,3440.0,3270.0,3300.0,3310.0,84363800.0,3149.633544921875
2020-03-13,3310.0,3310.0,3310.0,3310.0,0.0,3149.633544921875
2020-03-16,3300.0,3160.0,3300.0,3160.0,115972300.0,3006.90087890625
2020-03-17,3160.0,2940.0,3160.0,2940.0,150122700.0,2797.5595703125
2020-03-18,3080.0,2740.0,3010.0,2810.0,150147300.0,2673.85791015625
2020-03-19,2810.0,2620.0,2810.0,2620.0,138987300.0,2493.0634765625
2020-03-20,2990.0,2450.0,2660.0,2880.0,267694700.0,2740.466552734375
2020-03-23,2880.0,2680.0,2880.0,2680.0,86157200.0,2550.156494140625
2020-03-24,2880.0,2570.0,2700.0,2620.0,243778900.0,2493.0634765625
2020-03-26,3080.0,2550.0,2550.0,2980.0,267369500.0,2835.62158203125
2020-03-27,3270.0,3050.0,3050.0,3090.0,200952500.0,2940.292236328125
2020-03-30,3180.0,2880.0,3060.0,3140.0,134474300.0,2987.869873046875
2020-03-31,3300.0,3120.0,3180.0,3160.0,151302900.0,3006.90087890625
2020-04-01,3200.0,3040.0,3180.0,3100.0,104550600.0,2949.807861328125
2020-04-02,3130.0,3020.0,3100.0,3130.0,92893600.0,2978.354248046875
2020-04-03,3220.0,3120.0,3150.0,3200.0,83469200.0,3044.962890625
2020-04-06,3330.0,3180.0,3280.0,3330.0,115495000.0,3168.66455078125
2020-04-07,3500.0,3200.0,3390.0,3220.0,166425600.0,3063.993896484375
2020-04-08,3220.0,3050.0,3220.0,3110.0,124553900.0,2959.3232421875
2020-04-09,3180.0,3030.0,3110.0,3120.0,122622400.0,2968.8388671875
2020-04-13,3230.0,3130.0,3140.0,3180.0,45469500.0,3025.931884765625
2020-04-14,3250.0,3160.0,3200.0,3240.0,79114600.0,3083.02490234375
2020-04-15,3300.0,3090.0,3250.0,3110.0,69832000.0,2959.3232421875
2020-04-16,3110.0,3000.0,3110.0,3000.0,109582500.0,2854.652587890625
2020-04-17,3250.0,3050.0,3050.0,3230.0,127860400.0,3073.509521484375
2020-04-20,3270.0,3120.0,3270.0,3120.0,77306900.0,2968.8388671875
2020-04-21,3130.0,3050.0,3120.0,3070.0,43239400.0,2921.26123046875
2020-04-22,3270.0,3030.0,3050.0,3160.0,126278300.0,3006.90087890625
2020-04-23,3240.0,3070.0,3200.0,3070.0,117391500.0,2921.26123046875
2020-04-24,3160.0,3080.0,3100.0,3090.0,84061400.0,2940.292236328125
2020-04-27,3200.0,3100.0,3120.0,3150.0,85475400.0,2997.38525390625
2020-04-28,3200.0,3140.0,3170.0,3160.0,80212700.0,3006.90087890625
2020-04-29,3390.0,3100.0,3200.0,3350.0,154902100.0,3187.695556640625
2020-04-30,3540.0,3350.0,3400.0,3500.0,163170100.0,3330.42822265625
2020-05-04,3400.0,3260.0,3400.0,3320.0,108988600.0,3159.14892578125
2020-05-05,3390.0,3320.0,3320.0,3320.0,74036700.0,3159.14892578125
2020-05-06,3340.0,3220.0,3300.0,3240.0,86395000.0,3083.02490234375
2020-05-08,3290.0,3150.0,3270.0,3190.0,143584400.0,3035.447265625
2020-05-11,3250.0,3210.0,3220.0,3220.0,58473100.0,3063.993896484375
2020-05-12,3270.0,3100.0,3270.0,3150.0,138978700.0,2997.38525390625
2020-05-13,3170.0,3080.0,3150.0,3160.0,73238700.0,3006.90087890625
2020-05-14,3140.0,3060.0,3110.0,3070.0,101581300.0,2921.26123046875
2020-05-15,3130.0,3020.0,3100.0,3100.0,114753900.0,2949.807861328125
2020-05-18,3220.0,3100.0,3100.0,3220.0,108828800.0,3063.993896484375
2020-05-19,3330.0,3250.0,3250.0,3270.0,97387100.0,3111.571533203125
2020-05-20,3260.0,3180.0,3200.0,3180.0,76086600.0,3025.931884765625
2020-05-26,3280.0,3130.0,3150.0,3250.0,105792900.0,3092.54052734375
2020-05-27,3270.0,3150.0,3250.0,3170.0,128693900.0,3016.416259765625
2020-05-28,3210.0,3130.0,3180.0,3130.0,177385100.0,2978.354248046875
2020-05-29,3150.0,3080.0,3100.0,3150.0,276092100.0,2997.38525390625
2020-06-02,3270.0,3120.0,3160.0,3250.0,174790600.0,3092.54052734375
2020-06-03,3320.0,3230.0,3280.0,3290.0,216200900.0,3130.6025390625
2020-06-04,3390.0,3250.0,3320.0,3300.0,167708600.0,3140.117919921875
2020-06-05,3360.0,3200.0,3360.0,3230.0,188420700.0,3073.509521484375
2020-06-08,3290.0,3220.0,3250.0,3230.0,221641600.0,3073.509521484375
2020-06-09,3270.0,3140.0,3250.0,3140.0,171214500.0,2987.869873046875
2020-06-10,3190.0,3100.0,3150.0,3110.0,263483700.0,2959.3232421875
2020-06-11,3150.0,3060.0,3120.0,3080.0,175767800.0,2930.77685546875
2020-06-12,3080.0,2970.0,3080.0,3030.0,260087300.0,2883.19921875
2020-06-15,3150.0,3030.0,3060.0,3090.0,241625700.0,2940.292236328125
2020-06-16,3220.0,3130.0,3150.0,3200.0,194424800.0,3044.962890625
2020-06-17,3230.0,3140.0,3210.0,3210.0,177784900.0,3054.478271484375
2020-06-18,3350.0,3180.0,3210.0,3280.0,235586600.0,3121.0869140625
2020-06-19,3340.0,3250.0,3300.0,3280.0,227358800.0,3121.0869140625
2020-06-22,3300.0,3180.0,3290.0,3200.0,159776500.0,3044.962890625
2020-06-23,3200.0,3120.0,3200.0,3130.0,167271000.0,2978.354248046875
2020-06-24,3230.0,3140.0,3150.0,3180.0,170895600.0,3025.931884765625
2020-06-25,3220.0,3140.0,3160.0,3160.0,100882600.0,3006.90087890625
2020-06-26,3220.0,3180.0,3190.0,3190.0,100784500.0,3035.447265625
2020-06-29,3250.0,3160.0,3200.0,3180.0,156613200.0,3025.931884765625
2020-06-30,3100.0,3050.0,3090.0,3050.0,258068400.0,3050.0
2020-07-01,3100.0,3010.0,3070.0,3040.0,148037400.0,3040.0
2020-07-02,3140.0,3040.0,3040.0,3140.0,178357900.0,3140.0
2020-07-03,3180.0,3110.0,3150.0,3120.0,102033100.0,3120.0
2020-07-06,3150.0,3040.0,3130.0,3050.0,248572600.0,3050.0
2020-07-07,3120.0,3050.0,3060.0,3120.0,169104200.0,3120.0
2020-07-08,3160.0,3110.0,3130.0,3150.0,158166300.0,3150.0
2020-07-09,3190.0,3110.0,3170.0,3110.0,125940800.0,3110.0
2020-07-10,3130.0,3100.0,3110.0,3110.0,95422400.0,3110.0
2020-07-13,3130.0,3080.0,3120.0,3090.0,77733900.0,3090.0
2020-07-14,3110.0,3070.0,3100.0,3080.0,111442600.0,3080.0
2020-07-15,3130.0,3080.0,3120.0,3090.0,102304100.0,3090.0
2020-07-16,3110.0,3080.0,3090.0,3100.0,91951000.0,3100.0
2020-07-17,3110.0,3060.0,3100.0,3060.0,112416300.0,3060.0
2020-07-20,3080.0,3040.0,3080.0,3060.0,64735500.0,3060.0
2020-07-21,3110.0,3050.0,3050.0,3060.0,101283800.0,3060.0
2020-07-22,3090.0,3060.0,3070.0,3070.0,69462100.0,3070.0
2020-07-23,3090.0,3060.0,3070.0,3070.0,70482100.0,3070.0
2020-07-24,3080.0,3020.0,3080.0,3020.0,137265100.0,3020.0
2020-07-27,3050.0,3020.0,3020.0,3040.0,58708800.0,3040.0
2020-07-28,3050.0,3010.0,3050.0,3020.0,102705300.0,3020.0
2020-07-29,3050.0,3000.0,3030.0,3000.0,114352000.0,3000.0
2020-07-30,3050.0,3000.0,3040.0,3050.0,95785000.0,3050.0
2020-08-03,3060.0,2850.0,3060.0,2920.0,255659800.0,2920.0
2020-08-04,2970.0,2920.0,2970.0,2950.0,96018000.0,2950.0
2020-08-05,3040.0,2920.0,2960.0,3020.0,120719100.0,3020.0
2020-08-06,3050.0,3000.0,3050.0,3020.0,71699000.0,3020.0
2020-08-07,3030.0,2970.0,3020.0,2980.0,78347200.0,2980.0
2020-08-10,3020.0,2970.0,3000.0,2970.0,65485400.0,2970.0
2020-08-11,3000.0,2930.0,2980.0,2930.0,175693000.0,2930.0
2020-08-12,2960.0,2920.0,2930.0,2950.0,110934800.0,2950.0
2020-08-13,3020.0,2950.0,2950.0,3010.0,160906600.0,3010.0
2020-08-14,3040.0,3000.0,3020.0,3030.0,93007500.0,3030.0
2020-08-18,3060.0,3000.0,3030.0,3050.0,139358500.0,3050.0
2020-08-19,3050.0,3000.0,3050.0,3000.0,103980600.0,3000.0
2020-08-24,3020.0,2990.0,3010.0,3000.0,76713900.0,3000.0
2020-08-25,3010.0,2980.0,3010.0,2980.0,100013600.0,2980.0
2020-08-26,3050.0,2980.0,2980.0,3020.0,122465300.0,3020.0
2020-08-27,3040.0,2970.0,3020.0,2990.0,102787800.0,2990.0
2020-08-28,2990.0,2940.0,2990.0,2960.0,160569500.0,2960.0
2020-08-31,2980.0,2860.0,2960.0,2860.0,204261100.0,2860.0
2020-09-01,2910.0,2860.0,2900.0,2900.0,90565400.0,2900.0
2020-09-02,2970.0,2900.0,2900.0,2950.0,107589800.0,2950.0
2020-09-03,2960.0,2880.0,2950.0,2900.0,123106100.0,2900.0
2020-09-04,2890.0,2840.0,2850.0,2860.0,143569100.0,2860.0
2020-09-07,2910.0,2870.0,2870.0,2900.0,62206600.0,2900.0
2020-09-08,2900.0,2860.0,2890.0,2860.0,80068200.0,2860.0
2020-09-09,2860.0,2800.0,2850.0,2800.0,108397400.0,2800.0
2020-09-10,2800.0,2620.0,2800.0,2700.0,287496300.0,2700.0
2020-09-11,2840.0,2650.0,2670.0,2810.0,197756800.0,2810.0
2020-09-14,2890.0,2820.0,2830.0,2890.0,127562700.0,2890.0
2020-09-15,2900.0,2810.0,2890.0,2830.0,106215900.0,2830.0
2020-09-16,2830.0,2770.0,2810.0,2790.0,68113400.0,2790.0
2020-09-17,2850.0,2780.0,2810.0,2820.0,97257400.0,2820.0
2020-09-18,2890.0,2840.0,2850.0,2890.0,162116700.0,2890.0
2020-09-21,2910.0,2800.0,2890.0,2810.0,100305100.0,2810.0
2020-09-22,2810.0,2750.0,2790.0,2780.0,75891600.0,2780.0
2020-09-23,2810.0,2740.0,2770.0,2800.0,85953300.0,2800.0
2020-09-24,2760.0,2710.0,2750.0,2730.0,74516800.0,2730.0
2020-09-25,2740.0,2670.0,2720.0,2690.0,180968900.0,2690.0
2020-09-28,2730.0,2660.0,2710.0,2660.0,89256700.0,2660.0
2020-09-29,2690.0,2630.0,2690.0,2630.0,155853900.0,2630.0
2020-09-30,2650.0,2540.0,2630.0,2560.0,235611600.0,2560.0
2020-10-01,2760.0,2600.0,2600.0,2750.0,225006000.0,2750.0
2020-10-02,2750.0,2650.0,2750.0,2680.0,140161900.0,2680.0
2020-10-05,2710.0,2640.0,2690.0,2650.0,124720200.0,2650.0
2020-10-06,2700.0,2620.0,2680.0,2650.0,148977400.0,2650.0
2020-10-07,2670.0,2620.0,2650.0,2660.0,110186000.0,2660.0
2020-10-08,2720.0,2650.0,2670.0,2700.0,154587800.0,2700.0
2020-10-09,2750.0,2700.0,2710.0,2730.0,109122300.0,2730.0
2020-10-12,2760.0,2710.0,2750.0,2730.0,77479100.0,2730.0
2020-10-13,2740.0,2680.0,2730.0,2730.0,97205500.0,2730.0
2020-10-14,2830.0,2710.0,2730.0,2810.0,183236500.0,2810.0
2020-10-15,2850.0,2760.0,2800.0,2780.0,138462900.0,2780.0
2020-10-16,2780.0,2720.0,2780.0,2750.0,135175000.0,2750.0
2020-10-19,2810.0,2710.0,2800.0,2710.0,187840500.0,2710.0
2020-10-20,2740.0,2670.0,2710.0,2670.0,168211100.0,2670.0
2020-10-21,2710.0,2670.0,2680.0,2680.0,142146300.0,2680.0
2020-10-22,2720.0,2650.0,2670.0,2700.0,257179400.0,2700.0
2020-10-23,2720.0,2630.0,2710.0,2630.0,166356000.0,2630.0
2020-10-26,2680.0,2630.0,2630.0,2650.0,97523200.0,2650.0
2020-10-27,2690.0,2620.0,2640.0,2620.0,146366600.0,2620.0
2020-11-02,2620.0,2550.0,2590.0,2560.0,391510600.0,2560.0
2020-11-03,2590.0,2540.0,2570.0,2580.0,188874000.0,2580.0
2020-11-04,2640.0,2580.0,2600.0,2580.0,150678200.0,2580.0
2020-11-05,2810.0,2620.0,2630.0,2770.0,369260400.0,2770.0
2020-11-06,2840.0,2750.0,2800.0,2830.0,243865800.0,2830.0
2020-11-09,2900.0,2840.0,2860.0,2880.0,208192700.0,2880.0
2020-11-10,2950.0,2860.0,2950.0,2860.0,195337300.0,2860.0
2020-11-11,3100.0,2880.0,2900.0,3080.0,480530200.0,3080.0
2020-11-12,3080.0,3010.0,3080.0,3040.0,169609900.0,3040.0
2020-11-13,3010.0,2950.0,3010.0,2990.0,186708800.0,2990.0
2020-11-16,3100.0,3020.0,3040.0,3070.0,206145500.0,3070.0
2020-11-17,3270.0,3100.0,3100.0,3220.0,527501800.0,3220.0
2020-11-18,3250.0,3160.0,3200.0,3180.0,239122600.0,3180.0
2020-11-19,3220.0,3140.0,3150.0,3170.0,185558800.0,3170.0
2020-11-20,3270.0,3180.0,3190.0,3220.0,211892500.0,3220.0
2020-11-23,3340.0,3220.0,3230.0,3320.0,260752200.0,3320.0
2020-11-24,3380.0,3330.0,3350.0,3350.0,207503900.0,3350.0
2020-11-25,3390.0,3280.0,3370.0,3280.0,253156200.0,3280.0
2020-11-26,3480.0,3280.0,3280.0,3470.0,374185400.0,3470.0
2020-11-27,3500.0,3420.0,3480.0,3460.0,163651600.0,3460.0
2020-11-30,3470.0,3220.0,3460.0,3230.0,624142600.0,3230.0
2020-12-01,3320.0,3160.0,3230.0,3240.0,277929200.0,3240.0
2020-12-02,3330.0,3240.0,3270.0,3330.0,187276600.0,3330.0
2020-12-03,3360.0,3280.0,3330.0,3300.0,121434200.0,3300.0
2020-12-04,3280.0,3210.0,3270.0,3250.0,170418900.0,3250.0
2020-12-07,3330.0,3260.0,3280.0,3330.0,175436900.0,3330.0
2020-12-08,3350.0,3290.0,3350.0,3300.0,113775100.0,3300.0
2020-12-10,3290.0,3250.0,3270.0,3260.0,229380200.0,3260.0
2020-12-11,3330.0,3250.0,3270.0,3280.0,154365400.0,3280.0
2020-12-14,3340.0,3250.0,3300.0,3320.0,281474900.0,3320.0
2020-12-15,3490.0,3290.0,3320.0,3450.0,410175700.0,3450.0
2020-12-16,3640.0,3500.0,3500.0,3610.0,455088400.0,3610.0
2020-12-17,3620.0,3520.0,3610.0,3540.0,249797800.0,3540.0
2020-12-18,3540.0,3500.0,3500.0,3510.0,187856600.0,3510.0
2020-12-21,3610.0,3510.0,3530.0,3520.0,267970200.0,3520.0
2020-12-22,3540.0,3340.0,3500.0,3360.0,311860000.0,3360.0
2020-12-23,3420.0,3240.0,3350.0,3320.0,240067600.0,3320.0
2020-12-28,3460.0,3280.0,3370.0,3430.0,178138100.0,3430.0
2020-12-29,3530.0,3400.0,3500.0,3420.0,184525500.0,3420.0
2020-12-30,3420.0,3310.0,3420.0,3310.0,150844500.0,3310.0
