,Date,rates_HK
0,2015-05-06,2.0
1,2015-05-07,2.0
2,2015-05-08,2.0
3,2015-05-09,2.0
4,2015-05-10,2.0
5,2015-05-11,2.0
6,2015-05-12,2.0
7,2015-05-13,2.0
8,2015-05-14,2.0
9,2015-05-15,2.0
10,2015-05-16,2.0
11,2015-05-17,2.0
12,2015-05-18,2.0
13,2015-05-19,2.0
14,2015-05-20,2.0
15,2015-05-21,2.0
16,2015-05-22,2.0
17,2015-05-23,2.0
18,2015-05-24,2.0
19,2015-05-25,2.0
20,2015-05-26,2.0
21,2015-05-27,2.0
22,2015-05-28,2.0
23,2015-05-29,2.0
24,2015-05-30,2.0
25,2015-05-31,2.0
26,2015-06-01,2.0
27,2015-06-02,2.0
28,2015-06-03,2.0
29,2015-06-04,2.0
30,2015-06-05,2.0
31,2015-06-06,2.0
32,2015-06-07,2.0
33,2015-06-08,2.0
34,2015-06-09,2.0
35,2015-06-10,2.0
36,2015-06-11,2.0
37,2015-06-12,2.0
38,2015-06-13,2.0
39,2015-06-14,2.0
40,2015-06-15,2.0
41,2015-06-16,2.0
42,2015-06-17,2.0
43,2015-06-18,2.0
44,2015-06-19,2.0
45,2015-06-20,2.0
46,2015-06-21,2.0
47,2015-06-22,2.0
48,2015-06-23,2.0
49,2015-06-24,2.0
50,2015-06-25,2.0
51,2015-06-26,2.0
52,2015-06-27,2.0
53,2015-06-28,2.0
54,2015-06-29,2.0
55,2015-06-30,2.0
56,2015-07-01,2.0
57,2015-07-02,2.0
58,2015-07-03,2.0
59,2015-07-04,2.0
60,2015-07-05,2.0
61,2015-07-06,2.0
62,2015-07-07,2.0
63,2015-07-08,2.0
64,2015-07-09,2.0
65,2015-07-10,2.0
66,2015-07-11,2.0
67,2015-07-12,2.0
68,2015-07-13,2.0
69,2015-07-14,2.0
70,2015-07-15,2.0
71,2015-07-16,2.0
72,2015-07-17,2.0
73,2015-07-18,2.0
74,2015-07-19,2.0
75,2015-07-20,2.0
76,2015-07-21,2.0
77,2015-07-22,2.0
78,2015-07-23,2.0
79,2015-07-24,2.0
80,2015-07-25,2.0
81,2015-07-26,2.0
82,2015-07-27,2.0
83,2015-07-28,2.0
84,2015-07-29,2.0
85,2015-07-30,2.0
86,2015-07-31,2.0
87,2015-08-01,2.0
88,2015-08-02,2.0
89,2015-08-03,2.0
90,2015-08-04,2.0
91,2015-08-05,2.0
92,2015-08-06,2.0
93,2015-08-07,2.0
94,2015-08-08,2.0
95,2015-08-09,2.0
96,2015-08-10,2.0
97,2015-08-11,2.0
98,2015-08-12,2.0
99,2015-08-13,2.0
100,2015-08-14,2.0
101,2015-08-15,2.0
102,2015-08-16,2.0
103,2015-08-17,2.0
104,2015-08-18,2.0
105,2015-08-19,2.0
106,2015-08-20,2.0
107,2015-08-21,2.0
108,2015-08-22,2.0
109,2015-08-23,2.0
110,2015-08-24,2.0
111,2015-08-25,2.0
112,2015-08-26,2.0
113,2015-08-27,2.0
114,2015-08-28,2.0
115,2015-08-29,2.0
116,2015-08-30,2.0
117,2015-08-31,2.0
118,2015-09-01,2.0
119,2015-09-02,2.0
120,2015-09-03,2.0
121,2015-09-04,2.0
122,2015-09-05,2.0
123,2015-09-06,2.0
124,2015-09-07,2.0
125,2015-09-08,2.0
126,2015-09-09,2.0
127,2015-09-10,2.0
128,2015-09-11,2.0
129,2015-09-12,2.0
130,2015-09-13,2.0
131,2015-09-14,2.0
132,2015-09-15,2.0
133,2015-09-16,2.0
134,2015-09-17,2.0
135,2015-09-18,2.0
136,2015-09-19,2.0
137,2015-09-20,2.0
138,2015-09-21,2.0
139,2015-09-22,2.0
140,2015-09-23,2.0
141,2015-09-24,2.0
142,2015-09-25,2.0
143,2015-09-26,2.0
144,2015-09-27,2.0
145,2015-09-28,2.0
146,2015-09-29,2.0
147,2015-09-30,2.0
148,2015-10-01,2.0
149,2015-10-02,2.0
150,2015-10-03,2.0
151,2015-10-04,2.0
152,2015-10-05,2.0
153,2015-10-06,2.0
154,2015-10-07,2.0
155,2015-10-08,2.0
156,2015-10-09,2.0
157,2015-10-10,2.0
158,2015-10-11,2.0
159,2015-10-12,2.0
160,2015-10-13,2.0
161,2015-10-14,2.0
162,2015-10-15,2.0
163,2015-10-16,2.0
164,2015-10-17,2.0
165,2015-10-18,2.0
166,2015-10-19,2.0
167,2015-10-20,2.0
168,2015-10-21,2.0
169,2015-10-22,2.0
170,2015-10-23,2.0
171,2015-10-24,2.0
172,2015-10-25,2.0
173,2015-10-26,2.0
174,2015-10-27,2.0
175,2015-10-28,2.0
176,2015-10-29,2.0
177,2015-10-30,2.0
178,2015-10-31,2.0
179,2015-11-01,2.0
180,2015-11-02,2.0
181,2015-11-03,2.0
182,2015-11-04,2.0
183,2015-11-05,2.0
184,2015-11-06,2.0
185,2015-11-07,2.0
186,2015-11-08,2.0
187,2015-11-09,2.0
188,2015-11-10,2.0
189,2015-11-11,2.0
190,2015-11-12,2.0
191,2015-11-13,2.0
192,2015-11-14,2.0
193,2015-11-15,2.0
194,2015-11-16,2.0
195,2015-11-17,2.0
196,2015-11-18,2.0
197,2015-11-19,2.0
198,2015-11-20,2.0
199,2015-11-21,2.0
200,2015-11-22,2.0
201,2015-11-23,2.0
202,2015-11-24,2.0
203,2015-11-25,2.0
204,2015-11-26,2.0
205,2015-11-27,2.0
206,2015-11-28,2.0
207,2015-11-29,2.0
208,2015-11-30,2.0
209,2015-12-01,2.0
210,2015-12-02,2.0
211,2015-12-03,2.0
212,2015-12-04,2.0
213,2015-12-05,2.0
214,2015-12-06,2.0
215,2015-12-07,2.0
216,2015-12-08,2.0
217,2015-12-09,2.0
218,2015-12-10,2.0
219,2015-12-11,2.0
220,2015-12-12,2.0
221,2015-12-13,2.0
222,2015-12-14,2.0
223,2015-12-15,2.0
224,2015-12-16,2.0
225,2015-12-17,2.0
226,2015-12-18,2.0
227,2015-12-19,2.0
228,2015-12-20,2.0
229,2015-12-21,2.0
230,2015-12-22,2.0
231,2015-12-23,2.0
232,2015-12-24,2.0
233,2015-12-25,2.0
234,2015-12-26,2.0
235,2015-12-27,2.0
236,2015-12-28,2.0
237,2015-12-29,2.0
238,2015-12-30,2.0
239,2015-12-31,2.0
240,2016-01-01,2.0
241,2016-01-02,2.0
242,2016-01-03,2.0
243,2016-01-04,2.0
244,2016-01-05,2.0
245,2016-01-06,2.0
246,2016-01-07,2.0
247,2016-01-08,2.0
248,2016-01-09,2.0
249,2016-01-10,2.0
250,2016-01-11,2.0
251,2016-01-12,2.0
252,2016-01-13,2.0
253,2016-01-14,2.0
254,2016-01-15,2.0
255,2016-01-16,2.0
256,2016-01-17,2.0
257,2016-01-18,2.0
258,2016-01-19,2.0
259,2016-01-20,2.0
260,2016-01-21,2.0
261,2016-01-22,2.0
262,2016-01-23,2.0
263,2016-01-24,2.0
264,2016-01-25,2.0
265,2016-01-26,2.0
266,2016-01-27,2.0
267,2016-01-28,2.0
268,2016-01-29,2.0
269,2016-01-30,2.0
270,2016-01-31,2.0
271,2016-02-01,2.0
272,2016-02-02,2.0
273,2016-02-03,2.0
274,2016-02-04,2.0
275,2016-02-05,2.0
276,2016-02-06,2.0
277,2016-02-07,2.0
278,2016-02-08,2.0
279,2016-02-09,2.0
280,2016-02-10,2.0
281,2016-02-11,2.0
282,2016-02-12,2.0
283,2016-02-13,2.0
284,2016-02-14,2.0
285,2016-02-15,2.0
286,2016-02-16,2.0
287,2016-02-17,2.0
288,2016-02-18,2.0
289,2016-02-19,2.0
290,2016-02-20,2.0
291,2016-02-21,2.0
292,2016-02-22,2.0
293,2016-02-23,2.0
294,2016-02-24,2.0
295,2016-02-25,2.0
296,2016-02-26,2.0
297,2016-02-27,2.0
298,2016-02-28,2.0
299,2016-02-29,2.0
300,2016-03-01,2.0
301,2016-03-02,2.0
302,2016-03-03,2.0
303,2016-03-04,2.0
304,2016-03-05,2.0
305,2016-03-06,2.0
306,2016-03-07,2.0
307,2016-03-08,2.0
308,2016-03-09,2.0
309,2016-03-10,2.0
310,2016-03-11,2.0
311,2016-03-12,2.0
312,2016-03-13,2.0
313,2016-03-14,2.0
314,2016-03-15,2.0
315,2016-03-16,2.0
316,2016-03-17,2.0
317,2016-03-18,2.0
318,2016-03-19,2.0
319,2016-03-20,2.0
320,2016-03-21,2.0
321,2016-03-22,2.0
322,2016-03-23,2.0
323,2016-03-24,2.0
324,2016-03-25,2.0
325,2016-03-26,2.0
326,2016-03-27,2.0
327,2016-03-28,2.0
328,2016-03-29,2.0
329,2016-03-30,2.0
330,2016-03-31,2.0
331,2016-04-01,2.0
332,2016-04-02,2.0
333,2016-04-03,2.0
334,2016-04-04,2.0
335,2016-04-05,2.0
336,2016-04-06,2.0
337,2016-04-07,2.0
338,2016-04-08,2.0
339,2016-04-09,2.0
340,2016-04-10,2.0
341,2016-04-11,2.0
342,2016-04-12,2.0
343,2016-04-13,2.0
344,2016-04-14,2.0
345,2016-04-15,2.0
346,2016-04-16,2.0
347,2016-04-17,2.0
348,2016-04-18,2.0
349,2016-04-19,2.0
350,2016-04-20,2.0
351,2016-04-21,2.0
352,2016-04-22,2.0
353,2016-04-23,2.0
354,2016-04-24,2.0
355,2016-04-25,2.0
356,2016-04-26,2.0
357,2016-04-27,2.0
358,2016-04-28,2.0
359,2016-04-29,2.0
360,2016-04-30,2.0
361,2016-05-01,2.0
362,2016-05-02,2.0
363,2016-05-03,2.0
0,2016-05-04,1.75
1,2016-05-05,1.75
2,2016-05-06,1.75
3,2016-05-07,1.75
4,2016-05-08,1.75
5,2016-05-09,1.75
6,2016-05-10,1.75
7,2016-05-11,1.75
8,2016-05-12,1.75
9,2016-05-13,1.75
10,2016-05-14,1.75
11,2016-05-15,1.75
12,2016-05-16,1.75
13,2016-05-17,1.75
14,2016-05-18,1.75
15,2016-05-19,1.75
16,2016-05-20,1.75
17,2016-05-21,1.75
18,2016-05-22,1.75
19,2016-05-23,1.75
20,2016-05-24,1.75
21,2016-05-25,1.75
22,2016-05-26,1.75
23,2016-05-27,1.75
24,2016-05-28,1.75
25,2016-05-29,1.75
26,2016-05-30,1.75
27,2016-05-31,1.75
28,2016-06-01,1.75
29,2016-06-02,1.75
30,2016-06-03,1.75
31,2016-06-04,1.75
32,2016-06-05,1.75
33,2016-06-06,1.75
34,2016-06-07,1.75
35,2016-06-08,1.75
36,2016-06-09,1.75
37,2016-06-10,1.75
38,2016-06-11,1.75
39,2016-06-12,1.75
40,2016-06-13,1.75
41,2016-06-14,1.75
42,2016-06-15,1.75
43,2016-06-16,1.75
44,2016-06-17,1.75
45,2016-06-18,1.75
46,2016-06-19,1.75
47,2016-06-20,1.75
48,2016-06-21,1.75
49,2016-06-22,1.75
50,2016-06-23,1.75
51,2016-06-24,1.75
52,2016-06-25,1.75
53,2016-06-26,1.75
54,2016-06-27,1.75
55,2016-06-28,1.75
56,2016-06-29,1.75
57,2016-06-30,1.75
58,2016-07-01,1.75
59,2016-07-02,1.75
60,2016-07-03,1.75
61,2016-07-04,1.75
62,2016-07-05,1.75
63,2016-07-06,1.75
64,2016-07-07,1.75
65,2016-07-08,1.75
66,2016-07-09,1.75
67,2016-07-10,1.75
68,2016-07-11,1.75
69,2016-07-12,1.75
70,2016-07-13,1.75
71,2016-07-14,1.75
72,2016-07-15,1.75
73,2016-07-16,1.75
74,2016-07-17,1.75
75,2016-07-18,1.75
76,2016-07-19,1.75
77,2016-07-20,1.75
78,2016-07-21,1.75
79,2016-07-22,1.75
80,2016-07-23,1.75
81,2016-07-24,1.75
82,2016-07-25,1.75
83,2016-07-26,1.75
84,2016-07-27,1.75
85,2016-07-28,1.75
86,2016-07-29,1.75
87,2016-07-30,1.75
88,2016-07-31,1.75
89,2016-08-01,1.75
90,2016-08-02,1.75
0,2016-08-03,1.5
1,2016-08-04,1.5
2,2016-08-05,1.5
3,2016-08-06,1.5
4,2016-08-07,1.5
5,2016-08-08,1.5
6,2016-08-09,1.5
7,2016-08-10,1.5
8,2016-08-11,1.5
9,2016-08-12,1.5
10,2016-08-13,1.5
11,2016-08-14,1.5
12,2016-08-15,1.5
13,2016-08-16,1.5
14,2016-08-17,1.5
15,2016-08-18,1.5
16,2016-08-19,1.5
17,2016-08-20,1.5
18,2016-08-21,1.5
19,2016-08-22,1.5
20,2016-08-23,1.5
21,2016-08-24,1.5
22,2016-08-25,1.5
23,2016-08-26,1.5
24,2016-08-27,1.5
25,2016-08-28,1.5
26,2016-08-29,1.5
27,2016-08-30,1.5
28,2016-08-31,1.5
29,2016-09-01,1.5
30,2016-09-02,1.5
31,2016-09-03,1.5
32,2016-09-04,1.5
33,2016-09-05,1.5
34,2016-09-06,1.5
35,2016-09-07,1.5
36,2016-09-08,1.5
37,2016-09-09,1.5
38,2016-09-10,1.5
39,2016-09-11,1.5
40,2016-09-12,1.5
41,2016-09-13,1.5
42,2016-09-14,1.5
43,2016-09-15,1.5
44,2016-09-16,1.5
45,2016-09-17,1.5
46,2016-09-18,1.5
47,2016-09-19,1.5
48,2016-09-20,1.5
49,2016-09-21,1.5
50,2016-09-22,1.5
51,2016-09-23,1.5
52,2016-09-24,1.5
53,2016-09-25,1.5
54,2016-09-26,1.5
55,2016-09-27,1.5
56,2016-09-28,1.5
57,2016-09-29,1.5
58,2016-09-30,1.5
59,2016-10-01,1.5
60,2016-10-02,1.5
61,2016-10-03,1.5
62,2016-10-04,1.5
63,2016-10-05,1.5
64,2016-10-06,1.5
65,2016-10-07,1.5
66,2016-10-08,1.5
67,2016-10-09,1.5
68,2016-10-10,1.5
69,2016-10-11,1.5
70,2016-10-12,1.5
71,2016-10-13,1.5
72,2016-10-14,1.5
73,2016-10-15,1.5
74,2016-10-16,1.5
75,2016-10-17,1.5
76,2016-10-18,1.5
77,2016-10-19,1.5
78,2016-10-20,1.5
79,2016-10-21,1.5
80,2016-10-22,1.5
81,2016-10-23,1.5
82,2016-10-24,1.5
83,2016-10-25,1.5
84,2016-10-26,1.5
85,2016-10-27,1.5
86,2016-10-28,1.5
87,2016-10-29,1.5
88,2016-10-30,1.5
89,2016-10-31,1.5
90,2016-11-01,1.5
91,2016-11-02,1.5
92,2016-11-03,1.5
93,2016-11-04,1.5
94,2016-11-05,1.5
95,2016-11-06,1.5
96,2016-11-07,1.5
97,2016-11-08,1.5
98,2016-11-09,1.5
99,2016-11-10,1.5
100,2016-11-11,1.5
101,2016-11-12,1.5
102,2016-11-13,1.5
103,2016-11-14,1.5
104,2016-11-15,1.5
105,2016-11-16,1.5
106,2016-11-17,1.5
107,2016-11-18,1.5
108,2016-11-19,1.5
109,2016-11-20,1.5
110,2016-11-21,1.5
111,2016-11-22,1.5
112,2016-11-23,1.5
113,2016-11-24,1.5
114,2016-11-25,1.5
115,2016-11-26,1.5
116,2016-11-27,1.5
117,2016-11-28,1.5
118,2016-11-29,1.5
119,2016-11-30,1.5
120,2016-12-01,1.5
121,2016-12-02,1.5
122,2016-12-03,1.5
123,2016-12-04,1.5
124,2016-12-05,1.5
125,2016-12-06,1.5
126,2016-12-07,1.5
127,2016-12-08,1.5
128,2016-12-09,1.5
129,2016-12-10,1.5
130,2016-12-11,1.5
131,2016-12-12,1.5
132,2016-12-13,1.5
133,2016-12-14,1.5
134,2016-12-15,1.5
135,2016-12-16,1.5
136,2016-12-17,1.5
137,2016-12-18,1.5
138,2016-12-19,1.5
139,2016-12-20,1.5
140,2016-12-21,1.5
141,2016-12-22,1.5
142,2016-12-23,1.5
143,2016-12-24,1.5
144,2016-12-25,1.5
145,2016-12-26,1.5
146,2016-12-27,1.5
147,2016-12-28,1.5
148,2016-12-29,1.5
149,2016-12-30,1.5
150,2016-12-31,1.5
151,2017-01-01,1.5
152,2017-01-02,1.5
153,2017-01-03,1.5
154,2017-01-04,1.5
155,2017-01-05,1.5
156,2017-01-06,1.5
157,2017-01-07,1.5
158,2017-01-08,1.5
159,2017-01-09,1.5
160,2017-01-10,1.5
161,2017-01-11,1.5
162,2017-01-12,1.5
163,2017-01-13,1.5
164,2017-01-14,1.5
165,2017-01-15,1.5
166,2017-01-16,1.5
167,2017-01-17,1.5
168,2017-01-18,1.5
169,2017-01-19,1.5
170,2017-01-20,1.5
171,2017-01-21,1.5
172,2017-01-22,1.5
173,2017-01-23,1.5
174,2017-01-24,1.5
175,2017-01-25,1.5
176,2017-01-26,1.5
177,2017-01-27,1.5
178,2017-01-28,1.5
179,2017-01-29,1.5
180,2017-01-30,1.5
181,2017-01-31,1.5
182,2017-02-01,1.5
183,2017-02-02,1.5
184,2017-02-03,1.5
185,2017-02-04,1.5
186,2017-02-05,1.5
187,2017-02-06,1.5
188,2017-02-07,1.5
189,2017-02-08,1.5
190,2017-02-09,1.5
191,2017-02-10,1.5
192,2017-02-11,1.5
193,2017-02-12,1.5
194,2017-02-13,1.5
195,2017-02-14,1.5
196,2017-02-15,1.5
197,2017-02-16,1.5
198,2017-02-17,1.5
199,2017-02-18,1.5
200,2017-02-19,1.5
201,2017-02-20,1.5
202,2017-02-21,1.5
203,2017-02-22,1.5
204,2017-02-23,1.5
205,2017-02-24,1.5
206,2017-02-25,1.5
207,2017-02-26,1.5
208,2017-02-27,1.5
209,2017-02-28,1.5
210,2017-03-01,1.5
211,2017-03-02,1.5
212,2017-03-03,1.5
213,2017-03-04,1.5
214,2017-03-05,1.5
215,2017-03-06,1.5
216,2017-03-07,1.5
217,2017-03-08,1.5
218,2017-03-09,1.5
219,2017-03-10,1.5
220,2017-03-11,1.5
221,2017-03-12,1.5
222,2017-03-13,1.5
223,2017-03-14,1.5
224,2017-03-15,1.5
225,2017-03-16,1.5
226,2017-03-17,1.5
227,2017-03-18,1.5
228,2017-03-19,1.5
229,2017-03-20,1.5
230,2017-03-21,1.5
231,2017-03-22,1.5
232,2017-03-23,1.5
233,2017-03-24,1.5
234,2017-03-25,1.5
235,2017-03-26,1.5
236,2017-03-27,1.5
237,2017-03-28,1.5
238,2017-03-29,1.5
239,2017-03-30,1.5
240,2017-03-31,1.5
241,2017-04-01,1.5
242,2017-04-02,1.5
243,2017-04-03,1.5
244,2017-04-04,1.5
245,2017-04-05,1.5
246,2017-04-06,1.5
247,2017-04-07,1.5
248,2017-04-08,1.5
249,2017-04-09,1.5
250,2017-04-10,1.5
251,2017-04-11,1.5
252,2017-04-12,1.5
253,2017-04-13,1.5
254,2017-04-14,1.5
255,2017-04-15,1.5
256,2017-04-16,1.5
257,2017-04-17,1.5
258,2017-04-18,1.5
259,2017-04-19,1.5
260,2017-04-20,1.5
261,2017-04-21,1.5
262,2017-04-22,1.5
263,2017-04-23,1.5
264,2017-04-24,1.5
265,2017-04-25,1.5
266,2017-04-26,1.5
267,2017-04-27,1.5
268,2017-04-28,1.5
269,2017-04-29,1.5
270,2017-04-30,1.5
271,2017-05-01,1.5
272,2017-05-02,1.5
273,2017-05-03,1.5
274,2017-05-04,1.5
275,2017-05-05,1.5
276,2017-05-06,1.5
277,2017-05-07,1.5
278,2017-05-08,1.5
279,2017-05-09,1.5
280,2017-05-10,1.5
281,2017-05-11,1.5
282,2017-05-12,1.5
283,2017-05-13,1.5
284,2017-05-14,1.5
285,2017-05-15,1.5
286,2017-05-16,1.5
287,2017-05-17,1.5
288,2017-05-18,1.5
289,2017-05-19,1.5
290,2017-05-20,1.5
291,2017-05-21,1.5
292,2017-05-22,1.5
293,2017-05-23,1.5
294,2017-05-24,1.5
295,2017-05-25,1.5
296,2017-05-26,1.5
297,2017-05-27,1.5
298,2017-05-28,1.5
299,2017-05-29,1.5
300,2017-05-30,1.5
301,2017-05-31,1.5
302,2017-06-01,1.5
303,2017-06-02,1.5
304,2017-06-03,1.5
305,2017-06-04,1.5
306,2017-06-05,1.5
307,2017-06-06,1.5
308,2017-06-07,1.5
309,2017-06-08,1.5
310,2017-06-09,1.5
311,2017-06-10,1.5
312,2017-06-11,1.5
313,2017-06-12,1.5
314,2017-06-13,1.5
315,2017-06-14,1.5
316,2017-06-15,1.5
317,2017-06-16,1.5
318,2017-06-17,1.5
319,2017-06-18,1.5
320,2017-06-19,1.5
321,2017-06-20,1.5
322,2017-06-21,1.5
323,2017-06-22,1.5
324,2017-06-23,1.5
325,2017-06-24,1.5
326,2017-06-25,1.5
327,2017-06-26,1.5
328,2017-06-27,1.5
329,2017-06-28,1.5
330,2017-06-29,1.5
331,2017-06-30,1.5
332,2017-07-01,1.5
333,2017-07-02,1.5
334,2017-07-03,1.5
335,2017-07-04,1.5
336,2017-07-05,1.5
337,2017-07-06,1.5
338,2017-07-07,1.5
339,2017-07-08,1.5
340,2017-07-09,1.5
341,2017-07-10,1.5
342,2017-07-11,1.5
343,2017-07-12,1.5
344,2017-07-13,1.5
345,2017-07-14,1.5
346,2017-07-15,1.5
347,2017-07-16,1.5
348,2017-07-17,1.5
349,2017-07-18,1.5
350,2017-07-19,1.5
351,2017-07-20,1.5
352,2017-07-21,1.5
353,2017-07-22,1.5
354,2017-07-23,1.5
355,2017-07-24,1.5
356,2017-07-25,1.5
357,2017-07-26,1.5
358,2017-07-27,1.5
359,2017-07-28,1.5
360,2017-07-29,1.5
361,2017-07-30,1.5
362,2017-07-31,1.5
363,2017-08-01,1.5
364,2017-08-02,1.5
365,2017-08-03,1.5
366,2017-08-04,1.5
367,2017-08-05,1.5
368,2017-08-06,1.5
369,2017-08-07,1.5
370,2017-08-08,1.5
371,2017-08-09,1.5
372,2017-08-10,1.5
373,2017-08-11,1.5
374,2017-08-12,1.5
375,2017-08-13,1.5
376,2017-08-14,1.5
377,2017-08-15,1.5
378,2017-08-16,1.5
379,2017-08-17,1.5
380,2017-08-18,1.5
381,2017-08-19,1.5
382,2017-08-20,1.5
383,2017-08-21,1.5
384,2017-08-22,1.5
385,2017-08-23,1.5
386,2017-08-24,1.5
387,2017-08-25,1.5
388,2017-08-26,1.5
389,2017-08-27,1.5
390,2017-08-28,1.5
391,2017-08-29,1.5
392,2017-08-30,1.5
393,2017-08-31,1.5
394,2017-09-01,1.5
395,2017-09-02,1.5
396,2017-09-03,1.5
397,2017-09-04,1.5
398,2017-09-05,1.5
399,2017-09-06,1.5
400,2017-09-07,1.5
401,2017-09-08,1.5
402,2017-09-09,1.5
403,2017-09-10,1.5
404,2017-09-11,1.5
405,2017-09-12,1.5
406,2017-09-13,1.5
407,2017-09-14,1.5
408,2017-09-15,1.5
409,2017-09-16,1.5
410,2017-09-17,1.5
411,2017-09-18,1.5
412,2017-09-19,1.5
413,2017-09-20,1.5
414,2017-09-21,1.5
415,2017-09-22,1.5
416,2017-09-23,1.5
417,2017-09-24,1.5
418,2017-09-25,1.5
419,2017-09-26,1.5
420,2017-09-27,1.5
421,2017-09-28,1.5
422,2017-09-29,1.5
423,2017-09-30,1.5
424,2017-10-01,1.5
425,2017-10-02,1.5
426,2017-10-03,1.5
427,2017-10-04,1.5
428,2017-10-05,1.5
429,2017-10-06,1.5
430,2017-10-07,1.5
431,2017-10-08,1.5
432,2017-10-09,1.5
433,2017-10-10,1.5
434,2017-10-11,1.5
435,2017-10-12,1.5
436,2017-10-13,1.5
437,2017-10-14,1.5
438,2017-10-15,1.5
439,2017-10-16,1.5
440,2017-10-17,1.5
441,2017-10-18,1.5
442,2017-10-19,1.5
443,2017-10-20,1.5
444,2017-10-21,1.5
445,2017-10-22,1.5
446,2017-10-23,1.5
447,2017-10-24,1.5
448,2017-10-25,1.5
449,2017-10-26,1.5
450,2017-10-27,1.5
451,2017-10-28,1.5
452,2017-10-29,1.5
453,2017-10-30,1.5
454,2017-10-31,1.5
455,2017-11-01,1.5
456,2017-11-02,1.5
457,2017-11-03,1.5
458,2017-11-04,1.5
459,2017-11-05,1.5
460,2017-11-06,1.5
461,2017-11-07,1.5
462,2017-11-08,1.5
463,2017-11-09,1.5
464,2017-11-10,1.5
465,2017-11-11,1.5
466,2017-11-12,1.5
467,2017-11-13,1.5
468,2017-11-14,1.5
469,2017-11-15,1.5
470,2017-11-16,1.5
471,2017-11-17,1.5
472,2017-11-18,1.5
473,2017-11-19,1.5
474,2017-11-20,1.5
475,2017-11-21,1.5
476,2017-11-22,1.5
477,2017-11-23,1.5
478,2017-11-24,1.5
479,2017-11-25,1.5
480,2017-11-26,1.5
481,2017-11-27,1.5
482,2017-11-28,1.5
483,2017-11-29,1.5
484,2017-11-30,1.5
485,2017-12-01,1.5
486,2017-12-02,1.5
487,2017-12-03,1.5
488,2017-12-04,1.5
489,2017-12-05,1.5
490,2017-12-06,1.5
491,2017-12-07,1.5
492,2017-12-08,1.5
493,2017-12-09,1.5
494,2017-12-10,1.5
495,2017-12-11,1.5
496,2017-12-12,1.5
497,2017-12-13,1.5
498,2017-12-14,1.5
499,2017-12-15,1.5
500,2017-12-16,1.5
501,2017-12-17,1.5
502,2017-12-18,1.5
503,2017-12-19,1.5
504,2017-12-20,1.5
505,2017-12-21,1.5
506,2017-12-22,1.5
507,2017-12-23,1.5
508,2017-12-24,1.5
509,2017-12-25,1.5
510,2017-12-26,1.5
511,2017-12-27,1.5
512,2017-12-28,1.5
513,2017-12-29,1.5
514,2017-12-30,1.5
515,2017-12-31,1.5
516,2018-01-01,1.5
517,2018-01-02,1.5
518,2018-01-03,1.5
519,2018-01-04,1.5
520,2018-01-05,1.5
521,2018-01-06,1.5
522,2018-01-07,1.5
523,2018-01-08,1.5
524,2018-01-09,1.5
525,2018-01-10,1.5
526,2018-01-11,1.5
527,2018-01-12,1.5
528,2018-01-13,1.5
529,2018-01-14,1.5
530,2018-01-15,1.5
531,2018-01-16,1.5
532,2018-01-17,1.5
533,2018-01-18,1.5
534,2018-01-19,1.5
535,2018-01-20,1.5
536,2018-01-21,1.5
537,2018-01-22,1.5
538,2018-01-23,1.5
539,2018-01-24,1.5
540,2018-01-25,1.5
541,2018-01-26,1.5
542,2018-01-27,1.5
543,2018-01-28,1.5
544,2018-01-29,1.5
545,2018-01-30,1.5
546,2018-01-31,1.5
547,2018-02-01,1.5
548,2018-02-02,1.5
549,2018-02-03,1.5
550,2018-02-04,1.5
551,2018-02-05,1.5
552,2018-02-06,1.5
553,2018-02-07,1.5
554,2018-02-08,1.5
555,2018-02-09,1.5
556,2018-02-10,1.5
557,2018-02-11,1.5
558,2018-02-12,1.5
559,2018-02-13,1.5
560,2018-02-14,1.5
561,2018-02-15,1.5
562,2018-02-16,1.5
563,2018-02-17,1.5
564,2018-02-18,1.5
565,2018-02-19,1.5
566,2018-02-20,1.5
567,2018-02-21,1.5
568,2018-02-22,1.5
569,2018-02-23,1.5
570,2018-02-24,1.5
571,2018-02-25,1.5
572,2018-02-26,1.5
573,2018-02-27,1.5
574,2018-02-28,1.5
575,2018-03-01,1.5
576,2018-03-02,1.5
577,2018-03-03,1.5
578,2018-03-04,1.5
579,2018-03-05,1.5
580,2018-03-06,1.5
581,2018-03-07,1.5
582,2018-03-08,1.5
583,2018-03-09,1.5
584,2018-03-10,1.5
585,2018-03-11,1.5
586,2018-03-12,1.5
587,2018-03-13,1.5
588,2018-03-14,1.5
589,2018-03-15,1.5
590,2018-03-16,1.5
591,2018-03-17,1.5
592,2018-03-18,1.5
593,2018-03-19,1.5
594,2018-03-20,1.5
595,2018-03-21,1.5
596,2018-03-22,1.5
597,2018-03-23,1.5
598,2018-03-24,1.5
599,2018-03-25,1.5
600,2018-03-26,1.5
601,2018-03-27,1.5
602,2018-03-28,1.5
603,2018-03-29,1.5
604,2018-03-30,1.5
605,2018-03-31,1.5
606,2018-04-01,1.5
607,2018-04-02,1.5
608,2018-04-03,1.5
609,2018-04-04,1.5
610,2018-04-05,1.5
611,2018-04-06,1.5
612,2018-04-07,1.5
613,2018-04-08,1.5
614,2018-04-09,1.5
615,2018-04-10,1.5
616,2018-04-11,1.5
617,2018-04-12,1.5
618,2018-04-13,1.5
619,2018-04-14,1.5
620,2018-04-15,1.5
621,2018-04-16,1.5
622,2018-04-17,1.5
623,2018-04-18,1.5
624,2018-04-19,1.5
625,2018-04-20,1.5
626,2018-04-21,1.5
627,2018-04-22,1.5
628,2018-04-23,1.5
629,2018-04-24,1.5
630,2018-04-25,1.5
631,2018-04-26,1.5
632,2018-04-27,1.5
633,2018-04-28,1.5
634,2018-04-29,1.5
635,2018-04-30,1.5
636,2018-05-01,1.5
637,2018-05-02,1.5
638,2018-05-03,1.5
639,2018-05-04,1.5
640,2018-05-05,1.5
641,2018-05-06,1.5
642,2018-05-07,1.5
643,2018-05-08,1.5
644,2018-05-09,1.5
645,2018-05-10,1.5
646,2018-05-11,1.5
647,2018-05-12,1.5
648,2018-05-13,1.5
649,2018-05-14,1.5
650,2018-05-15,1.5
651,2018-05-16,1.5
652,2018-05-17,1.5
653,2018-05-18,1.5
654,2018-05-19,1.5
655,2018-05-20,1.5
656,2018-05-21,1.5
657,2018-05-22,1.5
658,2018-05-23,1.5
659,2018-05-24,1.5
660,2018-05-25,1.5
661,2018-05-26,1.5
662,2018-05-27,1.5
663,2018-05-28,1.5
664,2018-05-29,1.5
665,2018-05-30,1.5
666,2018-05-31,1.5
667,2018-06-01,1.5
668,2018-06-02,1.5
669,2018-06-03,1.5
670,2018-06-04,1.5
671,2018-06-05,1.5
672,2018-06-06,1.5
673,2018-06-07,1.5
674,2018-06-08,1.5
675,2018-06-09,1.5
676,2018-06-10,1.5
677,2018-06-11,1.5
678,2018-06-12,1.5
679,2018-06-13,1.5
680,2018-06-14,1.5
681,2018-06-15,1.5
682,2018-06-16,1.5
683,2018-06-17,1.5
684,2018-06-18,1.5
685,2018-06-19,1.5
686,2018-06-20,1.5
687,2018-06-21,1.5
688,2018-06-22,1.5
689,2018-06-23,1.5
690,2018-06-24,1.5
691,2018-06-25,1.5
692,2018-06-26,1.5
693,2018-06-27,1.5
694,2018-06-28,1.5
695,2018-06-29,1.5
696,2018-06-30,1.5
697,2018-07-01,1.5
698,2018-07-02,1.5
699,2018-07-03,1.5
700,2018-07-04,1.5
701,2018-07-05,1.5
702,2018-07-06,1.5
703,2018-07-07,1.5
704,2018-07-08,1.5
705,2018-07-09,1.5
706,2018-07-10,1.5
707,2018-07-11,1.5
708,2018-07-12,1.5
709,2018-07-13,1.5
710,2018-07-14,1.5
711,2018-07-15,1.5
712,2018-07-16,1.5
713,2018-07-17,1.5
714,2018-07-18,1.5
715,2018-07-19,1.5
716,2018-07-20,1.5
717,2018-07-21,1.5
718,2018-07-22,1.5
719,2018-07-23,1.5
720,2018-07-24,1.5
721,2018-07-25,1.5
722,2018-07-26,1.5
723,2018-07-27,1.5
724,2018-07-28,1.5
725,2018-07-29,1.5
726,2018-07-30,1.5
727,2018-07-31,1.5
728,2018-08-01,1.5
729,2018-08-02,1.5
730,2018-08-03,1.5
731,2018-08-04,1.5
732,2018-08-05,1.5
733,2018-08-06,1.5
734,2018-08-07,1.5
735,2018-08-08,1.5
736,2018-08-09,1.5
737,2018-08-10,1.5
738,2018-08-11,1.5
739,2018-08-12,1.5
740,2018-08-13,1.5
741,2018-08-14,1.5
742,2018-08-15,1.5
743,2018-08-16,1.5
744,2018-08-17,1.5
745,2018-08-18,1.5
746,2018-08-19,1.5
747,2018-08-20,1.5
748,2018-08-21,1.5
749,2018-08-22,1.5
750,2018-08-23,1.5
751,2018-08-24,1.5
752,2018-08-25,1.5
753,2018-08-26,1.5
754,2018-08-27,1.5
755,2018-08-28,1.5
756,2018-08-29,1.5
757,2018-08-30,1.5
758,2018-08-31,1.5
759,2018-09-01,1.5
760,2018-09-02,1.5
761,2018-09-03,1.5
762,2018-09-04,1.5
763,2018-09-05,1.5
764,2018-09-06,1.5
765,2018-09-07,1.5
766,2018-09-08,1.5
767,2018-09-09,1.5
768,2018-09-10,1.5
769,2018-09-11,1.5
770,2018-09-12,1.5
771,2018-09-13,1.5
772,2018-09-14,1.5
773,2018-09-15,1.5
774,2018-09-16,1.5
775,2018-09-17,1.5
776,2018-09-18,1.5
777,2018-09-19,1.5
778,2018-09-20,1.5
779,2018-09-21,1.5
780,2018-09-22,1.5
781,2018-09-23,1.5
782,2018-09-24,1.5
783,2018-09-25,1.5
784,2018-09-26,1.5
785,2018-09-27,1.5
786,2018-09-28,1.5
787,2018-09-29,1.5
788,2018-09-30,1.5
789,2018-10-01,1.5
790,2018-10-02,1.5
791,2018-10-03,1.5
792,2018-10-04,1.5
793,2018-10-05,1.5
794,2018-10-06,1.5
795,2018-10-07,1.5
796,2018-10-08,1.5
797,2018-10-09,1.5
798,2018-10-10,1.5
799,2018-10-11,1.5
800,2018-10-12,1.5
801,2018-10-13,1.5
802,2018-10-14,1.5
803,2018-10-15,1.5
804,2018-10-16,1.5
805,2018-10-17,1.5
806,2018-10-18,1.5
807,2018-10-19,1.5
808,2018-10-20,1.5
809,2018-10-21,1.5
810,2018-10-22,1.5
811,2018-10-23,1.5
812,2018-10-24,1.5
813,2018-10-25,1.5
814,2018-10-26,1.5
815,2018-10-27,1.5
816,2018-10-28,1.5
817,2018-10-29,1.5
818,2018-10-30,1.5
819,2018-10-31,1.5
820,2018-11-01,1.5
821,2018-11-02,1.5
822,2018-11-03,1.5
823,2018-11-04,1.5
824,2018-11-05,1.5
825,2018-11-06,1.5
826,2018-11-07,1.5
827,2018-11-08,1.5
828,2018-11-09,1.5
829,2018-11-10,1.5
830,2018-11-11,1.5
831,2018-11-12,1.5
832,2018-11-13,1.5
833,2018-11-14,1.5
834,2018-11-15,1.5
835,2018-11-16,1.5
836,2018-11-17,1.5
837,2018-11-18,1.5
838,2018-11-19,1.5
839,2018-11-20,1.5
840,2018-11-21,1.5
841,2018-11-22,1.5
842,2018-11-23,1.5
843,2018-11-24,1.5
844,2018-11-25,1.5
845,2018-11-26,1.5
846,2018-11-27,1.5
847,2018-11-28,1.5
848,2018-11-29,1.5
849,2018-11-30,1.5
850,2018-12-01,1.5
851,2018-12-02,1.5
852,2018-12-03,1.5
853,2018-12-04,1.5
854,2018-12-05,1.5
855,2018-12-06,1.5
856,2018-12-07,1.5
857,2018-12-08,1.5
858,2018-12-09,1.5
859,2018-12-10,1.5
860,2018-12-11,1.5
861,2018-12-12,1.5
862,2018-12-13,1.5
863,2018-12-14,1.5
864,2018-12-15,1.5
865,2018-12-16,1.5
866,2018-12-17,1.5
867,2018-12-18,1.5
868,2018-12-19,1.5
869,2018-12-20,1.5
870,2018-12-21,1.5
871,2018-12-22,1.5
872,2018-12-23,1.5
873,2018-12-24,1.5
874,2018-12-25,1.5
875,2018-12-26,1.5
876,2018-12-27,1.5
877,2018-12-28,1.5
878,2018-12-29,1.5
879,2018-12-30,1.5
880,2018-12-31,1.5
881,2019-01-01,1.5
882,2019-01-02,1.5
883,2019-01-03,1.5
884,2019-01-04,1.5
885,2019-01-05,1.5
886,2019-01-06,1.5
887,2019-01-07,1.5
888,2019-01-08,1.5
889,2019-01-09,1.5
890,2019-01-10,1.5
891,2019-01-11,1.5
892,2019-01-12,1.5
893,2019-01-13,1.5
894,2019-01-14,1.5
895,2019-01-15,1.5
896,2019-01-16,1.5
897,2019-01-17,1.5
898,2019-01-18,1.5
899,2019-01-19,1.5
900,2019-01-20,1.5
901,2019-01-21,1.5
902,2019-01-22,1.5
903,2019-01-23,1.5
904,2019-01-24,1.5
905,2019-01-25,1.5
906,2019-01-26,1.5
907,2019-01-27,1.5
908,2019-01-28,1.5
909,2019-01-29,1.5
910,2019-01-30,1.5
911,2019-01-31,1.5
912,2019-02-01,1.5
913,2019-02-02,1.5
914,2019-02-03,1.5
915,2019-02-04,1.5
916,2019-02-05,1.5
917,2019-02-06,1.5
918,2019-02-07,1.5
919,2019-02-08,1.5
920,2019-02-09,1.5
921,2019-02-10,1.5
922,2019-02-11,1.5
923,2019-02-12,1.5
924,2019-02-13,1.5
925,2019-02-14,1.5
926,2019-02-15,1.5
927,2019-02-16,1.5
928,2019-02-17,1.5
929,2019-02-18,1.5
930,2019-02-19,1.5
931,2019-02-20,1.5
932,2019-02-21,1.5
933,2019-02-22,1.5
934,2019-02-23,1.5
935,2019-02-24,1.5
936,2019-02-25,1.5
937,2019-02-26,1.5
938,2019-02-27,1.5
939,2019-02-28,1.5
940,2019-03-01,1.5
941,2019-03-02,1.5
942,2019-03-03,1.5
943,2019-03-04,1.5
944,2019-03-05,1.5
945,2019-03-06,1.5
946,2019-03-07,1.5
947,2019-03-08,1.5
948,2019-03-09,1.5
949,2019-03-10,1.5
950,2019-03-11,1.5
951,2019-03-12,1.5
952,2019-03-13,1.5
953,2019-03-14,1.5
954,2019-03-15,1.5
955,2019-03-16,1.5
956,2019-03-17,1.5
957,2019-03-18,1.5
958,2019-03-19,1.5
959,2019-03-20,1.5
960,2019-03-21,1.5
961,2019-03-22,1.5
962,2019-03-23,1.5
963,2019-03-24,1.5
964,2019-03-25,1.5
965,2019-03-26,1.5
966,2019-03-27,1.5
967,2019-03-28,1.5
968,2019-03-29,1.5
969,2019-03-30,1.5
970,2019-03-31,1.5
971,2019-04-01,1.5
972,2019-04-02,1.5
973,2019-04-03,1.5
974,2019-04-04,1.5
975,2019-04-05,1.5
976,2019-04-06,1.5
977,2019-04-07,1.5
978,2019-04-08,1.5
979,2019-04-09,1.5
980,2019-04-10,1.5
981,2019-04-11,1.5
982,2019-04-12,1.5
983,2019-04-13,1.5
984,2019-04-14,1.5
985,2019-04-15,1.5
986,2019-04-16,1.5
987,2019-04-17,1.5
988,2019-04-18,1.5
989,2019-04-19,1.5
990,2019-04-20,1.5
991,2019-04-21,1.5
992,2019-04-22,1.5
993,2019-04-23,1.5
994,2019-04-24,1.5
995,2019-04-25,1.5
996,2019-04-26,1.5
997,2019-04-27,1.5
998,2019-04-28,1.5
999,2019-04-29,1.5
1000,2019-04-30,1.5
1001,2019-05-01,1.5
1002,2019-05-02,1.5
1003,2019-05-03,1.5
1004,2019-05-04,1.5
1005,2019-05-05,1.5
1006,2019-05-06,1.5
1007,2019-05-07,1.5
1008,2019-05-08,1.5
1009,2019-05-09,1.5
1010,2019-05-10,1.5
1011,2019-05-11,1.5
1012,2019-05-12,1.5
1013,2019-05-13,1.5
1014,2019-05-14,1.5
1015,2019-05-15,1.5
1016,2019-05-16,1.5
1017,2019-05-17,1.5
1018,2019-05-18,1.5
1019,2019-05-19,1.5
1020,2019-05-20,1.5
1021,2019-05-21,1.5
1022,2019-05-22,1.5
1023,2019-05-23,1.5
1024,2019-05-24,1.5
1025,2019-05-25,1.5
1026,2019-05-26,1.5
1027,2019-05-27,1.5
1028,2019-05-28,1.5
1029,2019-05-29,1.5
1030,2019-05-30,1.5
1031,2019-05-31,1.5
1032,2019-06-01,1.5
1033,2019-06-02,1.5
1034,2019-06-03,1.5
1035,2019-06-04,1.5
0,2019-06-05,1.25
1,2019-06-06,1.25
2,2019-06-07,1.25
3,2019-06-08,1.25
4,2019-06-09,1.25
5,2019-06-10,1.25
6,2019-06-11,1.25
7,2019-06-12,1.25
8,2019-06-13,1.25
9,2019-06-14,1.25
10,2019-06-15,1.25
11,2019-06-16,1.25
12,2019-06-17,1.25
13,2019-06-18,1.25
14,2019-06-19,1.25
15,2019-06-20,1.25
16,2019-06-21,1.25
17,2019-06-22,1.25
18,2019-06-23,1.25
19,2019-06-24,1.25
20,2019-06-25,1.25
21,2019-06-26,1.25
22,2019-06-27,1.25
23,2019-06-28,1.25
24,2019-06-29,1.25
25,2019-06-30,1.25
26,2019-07-01,1.25
27,2019-07-02,1.25
0,2019-07-03,1.0
1,2019-07-04,1.0
2,2019-07-05,1.0
3,2019-07-06,1.0
4,2019-07-07,1.0
5,2019-07-08,1.0
6,2019-07-09,1.0
7,2019-07-10,1.0
8,2019-07-11,1.0
9,2019-07-12,1.0
10,2019-07-13,1.0
11,2019-07-14,1.0
12,2019-07-15,1.0
13,2019-07-16,1.0
14,2019-07-17,1.0
15,2019-07-18,1.0
16,2019-07-19,1.0
17,2019-07-20,1.0
18,2019-07-21,1.0
19,2019-07-22,1.0
20,2019-07-23,1.0
21,2019-07-24,1.0
22,2019-07-25,1.0
23,2019-07-26,1.0
24,2019-07-27,1.0
25,2019-07-28,1.0
26,2019-07-29,1.0
27,2019-07-30,1.0
28,2019-07-31,1.0
29,2019-08-01,1.0
30,2019-08-02,1.0
31,2019-08-03,1.0
32,2019-08-04,1.0
33,2019-08-05,1.0
34,2019-08-06,1.0
35,2019-08-07,1.0
36,2019-08-08,1.0
37,2019-08-09,1.0
38,2019-08-10,1.0
39,2019-08-11,1.0
40,2019-08-12,1.0
41,2019-08-13,1.0
42,2019-08-14,1.0
43,2019-08-15,1.0
44,2019-08-16,1.0
45,2019-08-17,1.0
46,2019-08-18,1.0
47,2019-08-19,1.0
48,2019-08-20,1.0
49,2019-08-21,1.0
50,2019-08-22,1.0
51,2019-08-23,1.0
52,2019-08-24,1.0
53,2019-08-25,1.0
54,2019-08-26,1.0
55,2019-08-27,1.0
56,2019-08-28,1.0
57,2019-08-29,1.0
58,2019-08-30,1.0
59,2019-08-31,1.0
60,2019-09-01,1.0
61,2019-09-02,1.0
62,2019-09-03,1.0
63,2019-09-04,1.0
64,2019-09-05,1.0
65,2019-09-06,1.0
66,2019-09-07,1.0
67,2019-09-08,1.0
68,2019-09-09,1.0
69,2019-09-10,1.0
70,2019-09-11,1.0
71,2019-09-12,1.0
72,2019-09-13,1.0
73,2019-09-14,1.0
74,2019-09-15,1.0
75,2019-09-16,1.0
76,2019-09-17,1.0
77,2019-09-18,1.0
78,2019-09-19,1.0
79,2019-09-20,1.0
80,2019-09-21,1.0
81,2019-09-22,1.0
82,2019-09-23,1.0
83,2019-09-24,1.0
84,2019-09-25,1.0
85,2019-09-26,1.0
86,2019-09-27,1.0
87,2019-09-28,1.0
88,2019-09-29,1.0
89,2019-09-30,1.0
90,2019-10-01,1.0
0,2019-10-02,0.75
1,2019-10-03,0.75
2,2019-10-04,0.75
3,2019-10-05,0.75
4,2019-10-06,0.75
5,2019-10-07,0.75
6,2019-10-08,0.75
7,2019-10-09,0.75
8,2019-10-10,0.75
9,2019-10-11,0.75
10,2019-10-12,0.75
11,2019-10-13,0.75
12,2019-10-14,0.75
13,2019-10-15,0.75
14,2019-10-16,0.75
15,2019-10-17,0.75
16,2019-10-18,0.75
17,2019-10-19,0.75
18,2019-10-20,0.75
19,2019-10-21,0.75
20,2019-10-22,0.75
21,2019-10-23,0.75
22,2019-10-24,0.75
23,2019-10-25,0.75
24,2019-10-26,0.75
25,2019-10-27,0.75
26,2019-10-28,0.75
27,2019-10-29,0.75
28,2019-10-30,0.75
29,2019-10-31,0.75
30,2019-11-01,0.75
31,2019-11-02,0.75
32,2019-11-03,0.75
33,2019-11-04,0.75
34,2019-11-05,0.75
35,2019-11-06,0.75
36,2019-11-07,0.75
37,2019-11-08,0.75
38,2019-11-09,0.75
39,2019-11-10,0.75
40,2019-11-11,0.75
41,2019-11-12,0.75
42,2019-11-13,0.75
43,2019-11-14,0.75
44,2019-11-15,0.75
45,2019-11-16,0.75
46,2019-11-17,0.75
47,2019-11-18,0.75
48,2019-11-19,0.75
49,2019-11-20,0.75
50,2019-11-21,0.75
51,2019-11-22,0.75
52,2019-11-23,0.75
53,2019-11-24,0.75
54,2019-11-25,0.75
55,2019-11-26,0.75
56,2019-11-27,0.75
57,2019-11-28,0.75
58,2019-11-29,0.75
59,2019-11-30,0.75
60,2019-12-01,0.75
61,2019-12-02,0.75
62,2019-12-03,0.75
63,2019-12-04,0.75
64,2019-12-05,0.75
65,2019-12-06,0.75
66,2019-12-07,0.75
67,2019-12-08,0.75
68,2019-12-09,0.75
69,2019-12-10,0.75
70,2019-12-11,0.75
71,2019-12-12,0.75
72,2019-12-13,0.75
73,2019-12-14,0.75
74,2019-12-15,0.75
75,2019-12-16,0.75
76,2019-12-17,0.75
77,2019-12-18,0.75
78,2019-12-19,0.75
79,2019-12-20,0.75
80,2019-12-21,0.75
81,2019-12-22,0.75
82,2019-12-23,0.75
83,2019-12-24,0.75
84,2019-12-25,0.75
85,2019-12-26,0.75
86,2019-12-27,0.75
87,2019-12-28,0.75
88,2019-12-29,0.75
89,2019-12-30,0.75
90,2019-12-31,0.75
91,2020-01-01,0.75
92,2020-01-02,0.75
93,2020-01-03,0.75
94,2020-01-04,0.75
95,2020-01-05,0.75
96,2020-01-06,0.75
97,2020-01-07,0.75
98,2020-01-08,0.75
99,2020-01-09,0.75
100,2020-01-10,0.75
101,2020-01-11,0.75
102,2020-01-12,0.75
103,2020-01-13,0.75
104,2020-01-14,0.75
105,2020-01-15,0.75
106,2020-01-16,0.75
107,2020-01-17,0.75
108,2020-01-18,0.75
109,2020-01-19,0.75
110,2020-01-20,0.75
111,2020-01-21,0.75
112,2020-01-22,0.75
113,2020-01-23,0.75
114,2020-01-24,0.75
115,2020-01-25,0.75
116,2020-01-26,0.75
117,2020-01-27,0.75
118,2020-01-28,0.75
119,2020-01-29,0.75
120,2020-01-30,0.75
121,2020-01-31,0.75
122,2020-02-01,0.75
123,2020-02-02,0.75
124,2020-02-03,0.75
125,2020-02-04,0.75
126,2020-02-05,0.75
127,2020-02-06,0.75
128,2020-02-07,0.75
129,2020-02-08,0.75
130,2020-02-09,0.75
131,2020-02-10,0.75
132,2020-02-11,0.75
133,2020-02-12,0.75
134,2020-02-13,0.75
135,2020-02-14,0.75
136,2020-02-15,0.75
137,2020-02-16,0.75
138,2020-02-17,0.75
139,2020-02-18,0.75
140,2020-02-19,0.75
141,2020-02-20,0.75
142,2020-02-21,0.75
143,2020-02-22,0.75
144,2020-02-23,0.75
145,2020-02-24,0.75
146,2020-02-25,0.75
147,2020-02-26,0.75
148,2020-02-27,0.75
149,2020-02-28,0.75
150,2020-02-29,0.75
151,2020-03-01,0.75
152,2020-03-02,0.75
153,2020-03-03,0.75
0,2020-03-04,0.5
1,2020-03-05,0.5
2,2020-03-06,0.5
3,2020-03-07,0.5
4,2020-03-08,0.5
5,2020-03-09,0.5
6,2020-03-10,0.5
7,2020-03-11,0.5
8,2020-03-12,0.5
9,2020-03-13,0.5
10,2020-03-14,0.5
11,2020-03-15,0.5
12,2020-03-16,0.5
13,2020-03-17,0.5
14,2020-03-18,0.5
15,2020-03-19,0.5
0,2020-03-20,0.25
1,2020-03-21,0.25
2,2020-03-22,0.25
3,2020-03-23,0.25
4,2020-03-24,0.25
5,2020-03-25,0.25
6,2020-03-26,0.25
7,2020-03-27,0.25
8,2020-03-28,0.25
9,2020-03-29,0.25
10,2020-03-30,0.25
11,2020-03-31,0.25
12,2020-04-01,0.25
13,2020-04-02,0.25
14,2020-04-03,0.25
15,2020-04-04,0.25
16,2020-04-05,0.25
17,2020-04-06,0.25
18,2020-04-07,0.25
19,2020-04-08,0.25
20,2020-04-09,0.25
21,2020-04-10,0.25
22,2020-04-11,0.25
23,2020-04-12,0.25
24,2020-04-13,0.25
25,2020-04-14,0.25
26,2020-04-15,0.25
27,2020-04-16,0.25
28,2020-04-17,0.25
29,2020-04-18,0.25
30,2020-04-19,0.25
31,2020-04-20,0.25
32,2020-04-21,0.25
33,2020-04-22,0.25
34,2020-04-23,0.25
35,2020-04-24,0.25
36,2020-04-25,0.25
37,2020-04-26,0.25
38,2020-04-27,0.25
39,2020-04-28,0.25
40,2020-04-29,0.25
41,2020-04-30,0.25
42,2020-05-01,0.25
43,2020-05-02,0.25
44,2020-05-03,0.25
45,2020-05-04,0.25
46,2020-05-05,0.25
47,2020-05-06,0.25
48,2020-05-07,0.25
49,2020-05-08,0.25
50,2020-05-09,0.25
51,2020-05-10,0.25
52,2020-05-11,0.25
53,2020-05-12,0.25
54,2020-05-13,0.25
55,2020-05-14,0.25
56,2020-05-15,0.25
57,2020-05-16,0.25
58,2020-05-17,0.25
59,2020-05-18,0.25
60,2020-05-19,0.25
61,2020-05-20,0.25
62,2020-05-21,0.25
63,2020-05-22,0.25
64,2020-05-23,0.25
65,2020-05-24,0.25
66,2020-05-25,0.25
67,2020-05-26,0.25
68,2020-05-27,0.25
69,2020-05-28,0.25
70,2020-05-29,0.25
71,2020-05-30,0.25
72,2020-05-31,0.25
73,2020-06-01,0.25
74,2020-06-02,0.25
75,2020-06-03,0.25
76,2020-06-04,0.25
77,2020-06-05,0.25
78,2020-06-06,0.25
79,2020-06-07,0.25
80,2020-06-08,0.25
81,2020-06-09,0.25
82,2020-06-10,0.25
83,2020-06-11,0.25
84,2020-06-12,0.25
85,2020-06-13,0.25
86,2020-06-14,0.25
87,2020-06-15,0.25
88,2020-06-16,0.25
89,2020-06-17,0.25
90,2020-06-18,0.25
91,2020-06-19,0.25
92,2020-06-20,0.25
93,2020-06-21,0.25
94,2020-06-22,0.25
95,2020-06-23,0.25
96,2020-06-24,0.25
97,2020-06-25,0.25
98,2020-06-26,0.25
99,2020-06-27,0.25
100,2020-06-28,0.25
101,2020-06-29,0.25
102,2020-06-30,0.25
103,2020-07-01,0.25
104,2020-07-02,0.25
105,2020-07-03,0.25
106,2020-07-04,0.25
107,2020-07-05,0.25
108,2020-07-06,0.25
109,2020-07-07,0.25
110,2020-07-08,0.25
111,2020-07-09,0.25
112,2020-07-10,0.25
113,2020-07-11,0.25
114,2020-07-12,0.25
115,2020-07-13,0.25
116,2020-07-14,0.25
117,2020-07-15,0.25
118,2020-07-16,0.25
119,2020-07-17,0.25
120,2020-07-18,0.25
121,2020-07-19,0.25
122,2020-07-20,0.25
123,2020-07-21,0.25
124,2020-07-22,0.25
125,2020-07-23,0.25
126,2020-07-24,0.25
127,2020-07-25,0.25
128,2020-07-26,0.25
129,2020-07-27,0.25
130,2020-07-28,0.25
131,2020-07-29,0.25
132,2020-07-30,0.25
133,2020-07-31,0.25
134,2020-08-01,0.25
135,2020-08-02,0.25
136,2020-08-03,0.25
137,2020-08-04,0.25
138,2020-08-05,0.25
139,2020-08-06,0.25
140,2020-08-07,0.25
141,2020-08-08,0.25
142,2020-08-09,0.25
143,2020-08-10,0.25
144,2020-08-11,0.25
145,2020-08-12,0.25
146,2020-08-13,0.25
147,2020-08-14,0.25
148,2020-08-15,0.25
149,2020-08-16,0.25
150,2020-08-17,0.25
151,2020-08-18,0.25
152,2020-08-19,0.25
153,2020-08-20,0.25
154,2020-08-21,0.25
155,2020-08-22,0.25
156,2020-08-23,0.25
157,2020-08-24,0.25
158,2020-08-25,0.25
159,2020-08-26,0.25
160,2020-08-27,0.25
161,2020-08-28,0.25
162,2020-08-29,0.25
163,2020-08-30,0.25
164,2020-08-31,0.25
165,2020-09-01,0.25
166,2020-09-02,0.25
167,2020-09-03,0.25
168,2020-09-04,0.25
169,2020-09-05,0.25
170,2020-09-06,0.25
171,2020-09-07,0.25
172,2020-09-08,0.25
173,2020-09-09,0.25
174,2020-09-10,0.25
175,2020-09-11,0.25
176,2020-09-12,0.25
177,2020-09-13,0.25
178,2020-09-14,0.25
179,2020-09-15,0.25
180,2020-09-16,0.25
181,2020-09-17,0.25
182,2020-09-18,0.25
183,2020-09-19,0.25
184,2020-09-20,0.25
185,2020-09-21,0.25
186,2020-09-22,0.25
187,2020-09-23,0.25
188,2020-09-24,0.25
189,2020-09-25,0.25
190,2020-09-26,0.25
191,2020-09-27,0.25
192,2020-09-28,0.25
193,2020-09-29,0.25
194,2020-09-30,0.25
195,2020-10-01,0.25
196,2020-10-02,0.25
197,2020-10-03,0.25
198,2020-10-04,0.25
199,2020-10-05,0.25
200,2020-10-06,0.25
201,2020-10-07,0.25
202,2020-10-08,0.25
203,2020-10-09,0.25
204,2020-10-10,0.25
205,2020-10-11,0.25
206,2020-10-12,0.25
207,2020-10-13,0.25
208,2020-10-14,0.25
209,2020-10-15,0.25
210,2020-10-16,0.25
211,2020-10-17,0.25
212,2020-10-18,0.25
213,2020-10-19,0.25
214,2020-10-20,0.25
215,2020-10-21,0.25
216,2020-10-22,0.25
217,2020-10-23,0.25
218,2020-10-24,0.25
219,2020-10-25,0.25
220,2020-10-26,0.25
221,2020-10-27,0.25
222,2020-10-28,0.25
223,2020-10-29,0.25
224,2020-10-30,0.25
225,2020-10-31,0.25
226,2020-11-01,0.25
227,2020-11-02,0.25
228,2020-11-03,0.25
0,2020-11-04,0.1
1,2020-11-05,0.1
2,2020-11-06,0.1
3,2020-11-07,0.1
4,2020-11-08,0.1
5,2020-11-09,0.1
6,2020-11-10,0.1
7,2020-11-11,0.1
8,2020-11-12,0.1
9,2020-11-13,0.1
10,2020-11-14,0.1
11,2020-11-15,0.1
12,2020-11-16,0.1
13,2020-11-17,0.1
14,2020-11-18,0.1
15,2020-11-19,0.1
16,2020-11-20,0.1
17,2020-11-21,0.1
18,2020-11-22,0.1
19,2020-11-23,0.1
20,2020-11-24,0.1
21,2020-11-25,0.1
22,2020-11-26,0.1
23,2020-11-27,0.1
24,2020-11-28,0.1
25,2020-11-29,0.1
26,2020-11-30,0.1
27,2020-12-01,0.1
28,2020-12-02,0.1
29,2020-12-03,0.1
30,2020-12-04,0.1
31,2020-12-05,0.1
32,2020-12-06,0.1
33,2020-12-07,0.1
34,2020-12-08,0.1
35,2020-12-09,0.1
36,2020-12-10,0.1
37,2020-12-11,0.1
38,2020-12-12,0.1
39,2020-12-13,0.1
40,2020-12-14,0.1
41,2020-12-15,0.1
42,2020-12-16,0.1
43,2020-12-17,0.1
44,2020-12-18,0.1
45,2020-12-19,0.1
46,2020-12-20,0.1
47,2020-12-21,0.1
48,2020-12-22,0.1
49,2020-12-23,0.1
50,2020-12-24,0.1
51,2020-12-25,0.1
52,2020-12-26,0.1
53,2020-12-27,0.1
54,2020-12-28,0.1
55,2020-12-29,0.1
56,2020-12-30,0.1
57,2020-12-31,0.1
58,2021-01-01,0.1
59,2021-01-02,0.1
60,2021-01-03,0.1
61,2021-01-04,0.1
62,2021-01-05,0.1
63,2021-01-06,0.1
64,2021-01-07,0.1
65,2021-01-08,0.1
66,2021-01-09,0.1
67,2021-01-10,0.1
68,2021-01-11,0.1
69,2021-01-12,0.1
70,2021-01-13,0.1
71,2021-01-14,0.1
72,2021-01-15,0.1
73,2021-01-16,0.1
74,2021-01-17,0.1
75,2021-01-18,0.1
76,2021-01-19,0.1
77,2021-01-20,0.1
78,2021-01-21,0.1
79,2021-01-22,0.1
80,2021-01-23,0.1
81,2021-01-24,0.1
82,2021-01-25,0.1
83,2021-01-26,0.1
84,2021-01-27,0.1
85,2021-01-28,0.1
86,2021-01-29,0.1
87,2021-01-30,0.1
88,2021-01-31,0.1
89,2021-02-01,0.1
90,2021-02-02,0.1
91,2021-02-03,0.1
92,2021-02-04,0.1
93,2021-02-05,0.1
94,2021-02-06,0.1
95,2021-02-07,0.1
96,2021-02-08,0.1
97,2021-02-09,0.1
98,2021-02-10,0.1
99,2021-02-11,0.1
100,2021-02-12,0.1
101,2021-02-13,0.1
102,2021-02-14,0.1
103,2021-02-15,0.1
104,2021-02-16,0.1
105,2021-02-17,0.1
106,2021-02-18,0.1
107,2021-02-19,0.1
108,2021-02-20,0.1
109,2021-02-21,0.1
110,2021-02-22,0.1
111,2021-02-23,0.1
112,2021-02-24,0.1
113,2021-02-25,0.1
114,2021-02-26,0.1
115,2021-02-27,0.1
116,2021-02-28,0.1
117,2021-03-01,0.1
118,2021-03-02,0.1
119,2021-03-03,0.1
120,2021-03-04,0.1
121,2021-03-05,0.1
122,2021-03-06,0.1
123,2021-03-07,0.1
124,2021-03-08,0.1
125,2021-03-09,0.1
126,2021-03-10,0.1
127,2021-03-11,0.1
128,2021-03-12,0.1
129,2021-03-13,0.1
130,2021-03-14,0.1
131,2021-03-15,0.1
132,2021-03-16,0.1
133,2021-03-17,0.1
134,2021-03-18,0.1
135,2021-03-19,0.1
136,2021-03-20,0.1
137,2021-03-21,0.1
138,2021-03-22,0.1
139,2021-03-23,0.1
140,2021-03-24,0.1
141,2021-03-25,0.1
142,2021-03-26,0.1
143,2021-03-27,0.1
144,2021-03-28,0.1
145,2021-03-29,0.1
146,2021-03-30,0.1
147,2021-03-31,0.1
148,2021-04-01,0.1
149,2021-04-02,0.1
150,2021-04-03,0.1
151,2021-04-04,0.1
152,2021-04-05,0.1
153,2021-04-06,0.1
154,2021-04-07,0.1
155,2021-04-08,0.1
156,2021-04-09,0.1
157,2021-04-10,0.1
158,2021-04-11,0.1
159,2021-04-12,0.1
160,2021-04-13,0.1
161,2021-04-14,0.1
162,2021-04-15,0.1
163,2021-04-16,0.1
164,2021-04-17,0.1
165,2021-04-18,0.1
166,2021-04-19,0.1
