,Date,rates_HK,rates_US,rates_Japan,rates_hk
0,2015-12-17,2.0,0.25,0.0,0.75
1,2015-12-18,2.0,0.25,0.0,0.75
2,2015-12-19,2.0,0.25,0.0,0.75
3,2015-12-20,2.0,0.25,0.0,0.75
4,2015-12-21,2.0,0.25,0.0,0.75
5,2015-12-22,2.0,0.25,0.0,0.75
6,2015-12-23,2.0,0.25,0.0,0.75
7,2015-12-24,2.0,0.25,0.0,0.75
8,2015-12-25,2.0,0.25,0.0,0.75
9,2015-12-26,2.0,0.25,0.0,0.75
10,2015-12-27,2.0,0.25,0.0,0.75
11,2015-12-28,2.0,0.25,0.0,0.75
12,2015-12-29,2.0,0.25,0.0,0.75
13,2015-12-30,2.0,0.25,0.0,0.75
14,2015-12-31,2.0,0.25,0.0,0.75
15,2016-01-01,2.0,0.25,0.0,0.75
16,2016-01-02,2.0,0.25,0.0,0.75
17,2016-01-03,2.0,0.25,0.0,0.75
18,2016-01-04,2.0,0.25,0.0,0.75
19,2016-01-05,2.0,0.25,0.0,0.75
20,2016-01-06,2.0,0.25,0.0,0.75
21,2016-01-07,2.0,0.25,0.0,0.75
22,2016-01-08,2.0,0.25,0.0,0.75
23,2016-01-09,2.0,0.25,0.0,0.75
24,2016-01-10,2.0,0.25,0.0,0.75
25,2016-01-11,2.0,0.25,0.0,0.75
26,2016-01-12,2.0,0.25,0.0,0.75
27,2016-01-13,2.0,0.25,0.0,0.75
28,2016-01-14,2.0,0.25,0.0,0.75
29,2016-01-15,2.0,0.25,0.0,0.75
30,2016-01-16,2.0,0.25,0.0,0.75
31,2016-01-17,2.0,0.25,0.0,0.75
32,2016-01-18,2.0,0.25,0.0,0.75
33,2016-01-19,2.0,0.25,0.0,0.75
34,2016-01-20,2.0,0.25,0.0,0.75
35,2016-01-21,2.0,0.25,0.0,0.75
36,2016-01-22,2.0,0.25,0.0,0.75
37,2016-01-23,2.0,0.25,0.0,0.75
38,2016-01-24,2.0,0.25,0.0,0.75
39,2016-01-25,2.0,0.25,0.0,0.75
40,2016-01-26,2.0,0.25,0.0,0.75
41,2016-01-27,2.0,0.25,0.0,0.75
42,2016-01-28,2.0,0.25,0.0,0.75
43,2016-01-29,2.0,0.25,0.0,0.75
44,2016-01-30,2.0,0.25,0.0,0.75
45,2016-01-31,2.0,0.25,0.0,0.75
46,2016-02-01,2.0,0.25,0.0,0.75
47,2016-02-02,2.0,0.25,0.0,0.75
48,2016-02-03,2.0,0.25,0.0,0.75
49,2016-02-04,2.0,0.25,0.0,0.75
50,2016-02-05,2.0,0.25,0.0,0.75
51,2016-02-06,2.0,0.25,0.0,0.75
52,2016-02-07,2.0,0.25,0.0,0.75
53,2016-02-08,2.0,0.25,0.0,0.75
54,2016-02-09,2.0,0.25,0.0,0.75
55,2016-02-10,2.0,0.25,0.0,0.75
56,2016-02-11,2.0,0.25,0.0,0.75
57,2016-02-12,2.0,0.25,0.0,0.75
58,2016-02-13,2.0,0.25,0.0,0.75
59,2016-02-14,2.0,0.25,0.0,0.75
60,2016-02-15,2.0,0.25,0.0,0.75
61,2016-02-16,2.0,0.25,-0.1,0.75
62,2016-02-17,2.0,0.25,-0.1,0.75
63,2016-02-18,2.0,0.25,-0.1,0.75
64,2016-02-19,2.0,0.25,-0.1,0.75
65,2016-02-20,2.0,0.25,-0.1,0.75
66,2016-02-21,2.0,0.25,-0.1,0.75
67,2016-02-22,2.0,0.25,-0.1,0.75
68,2016-02-23,2.0,0.25,-0.1,0.75
69,2016-02-24,2.0,0.25,-0.1,0.75
70,2016-02-25,2.0,0.25,-0.1,0.75
71,2016-02-26,2.0,0.25,-0.1,0.75
72,2016-02-27,2.0,0.25,-0.1,0.75
73,2016-02-28,2.0,0.25,-0.1,0.75
74,2016-02-29,2.0,0.25,-0.1,0.75
75,2016-03-01,2.0,0.25,-0.1,0.75
76,2016-03-02,2.0,0.25,-0.1,0.75
77,2016-03-03,2.0,0.25,-0.1,0.75
78,2016-03-04,2.0,0.25,-0.1,0.75
79,2016-03-05,2.0,0.25,-0.1,0.75
80,2016-03-06,2.0,0.25,-0.1,0.75
81,2016-03-07,2.0,0.25,-0.1,0.75
82,2016-03-08,2.0,0.25,-0.1,0.75
83,2016-03-09,2.0,0.25,-0.1,0.75
84,2016-03-10,2.0,0.25,-0.1,0.75
85,2016-03-11,2.0,0.25,-0.1,0.75
86,2016-03-12,2.0,0.25,-0.1,0.75
87,2016-03-13,2.0,0.25,-0.1,0.75
88,2016-03-14,2.0,0.25,-0.1,0.75
89,2016-03-15,2.0,0.25,-0.1,0.75
90,2016-03-16,2.0,0.25,-0.1,0.75
91,2016-03-17,2.0,0.25,-0.1,0.75
92,2016-03-18,2.0,0.25,-0.1,0.75
93,2016-03-19,2.0,0.25,-0.1,0.75
94,2016-03-20,2.0,0.25,-0.1,0.75
95,2016-03-21,2.0,0.25,-0.1,0.75
96,2016-03-22,2.0,0.25,-0.1,0.75
97,2016-03-23,2.0,0.25,-0.1,0.75
98,2016-03-24,2.0,0.25,-0.1,0.75
99,2016-03-25,2.0,0.25,-0.1,0.75
100,2016-03-26,2.0,0.25,-0.1,0.75
101,2016-03-27,2.0,0.25,-0.1,0.75
102,2016-03-28,2.0,0.25,-0.1,0.75
103,2016-03-29,2.0,0.25,-0.1,0.75
104,2016-03-30,2.0,0.25,-0.1,0.75
105,2016-03-31,2.0,0.25,-0.1,0.75
106,2016-04-01,2.0,0.25,-0.1,0.75
107,2016-04-02,2.0,0.25,-0.1,0.75
108,2016-04-03,2.0,0.25,-0.1,0.75
109,2016-04-04,2.0,0.25,-0.1,0.75
110,2016-04-05,2.0,0.25,-0.1,0.75
111,2016-04-06,2.0,0.25,-0.1,0.75
112,2016-04-07,2.0,0.25,-0.1,0.75
113,2016-04-08,2.0,0.25,-0.1,0.75
114,2016-04-09,2.0,0.25,-0.1,0.75
115,2016-04-10,2.0,0.25,-0.1,0.75
116,2016-04-11,2.0,0.25,-0.1,0.75
117,2016-04-12,2.0,0.25,-0.1,0.75
118,2016-04-13,2.0,0.25,-0.1,0.75
119,2016-04-14,2.0,0.25,-0.1,0.75
120,2016-04-15,2.0,0.25,-0.1,0.75
121,2016-04-16,2.0,0.25,-0.1,0.75
122,2016-04-17,2.0,0.25,-0.1,0.75
123,2016-04-18,2.0,0.25,-0.1,0.75
124,2016-04-19,2.0,0.25,-0.1,0.75
125,2016-04-20,2.0,0.25,-0.1,0.75
126,2016-04-21,2.0,0.25,-0.1,0.75
127,2016-04-22,2.0,0.25,-0.1,0.75
128,2016-04-23,2.0,0.25,-0.1,0.75
129,2016-04-24,2.0,0.25,-0.1,0.75
130,2016-04-25,2.0,0.25,-0.1,0.75
131,2016-04-26,2.0,0.25,-0.1,0.75
132,2016-04-27,2.0,0.25,-0.1,0.75
133,2016-04-28,2.0,0.25,-0.1,0.75
134,2016-04-29,2.0,0.25,-0.1,0.75
135,2016-04-30,2.0,0.25,-0.1,0.75
136,2016-05-01,2.0,0.25,-0.1,0.75
137,2016-05-02,2.0,0.25,-0.1,0.75
138,2016-05-03,2.0,0.25,-0.1,0.75
139,2016-05-04,1.75,0.25,-0.1,0.75
140,2016-05-05,1.75,0.25,-0.1,0.75
141,2016-05-06,1.75,0.25,-0.1,0.75
142,2016-05-07,1.75,0.25,-0.1,0.75
143,2016-05-08,1.75,0.25,-0.1,0.75
144,2016-05-09,1.75,0.25,-0.1,0.75
145,2016-05-10,1.75,0.25,-0.1,0.75
146,2016-05-11,1.75,0.25,-0.1,0.75
147,2016-05-12,1.75,0.25,-0.1,0.75
148,2016-05-13,1.75,0.25,-0.1,0.75
149,2016-05-14,1.75,0.25,-0.1,0.75
150,2016-05-15,1.75,0.25,-0.1,0.75
151,2016-05-16,1.75,0.25,-0.1,0.75
152,2016-05-17,1.75,0.25,-0.1,0.75
153,2016-05-18,1.75,0.25,-0.1,0.75
154,2016-05-19,1.75,0.25,-0.1,0.75
155,2016-05-20,1.75,0.25,-0.1,0.75
156,2016-05-21,1.75,0.25,-0.1,0.75
157,2016-05-22,1.75,0.25,-0.1,0.75
158,2016-05-23,1.75,0.25,-0.1,0.75
159,2016-05-24,1.75,0.25,-0.1,0.75
160,2016-05-25,1.75,0.25,-0.1,0.75
161,2016-05-26,1.75,0.25,-0.1,0.75
162,2016-05-27,1.75,0.25,-0.1,0.75
163,2016-05-28,1.75,0.25,-0.1,0.75
164,2016-05-29,1.75,0.25,-0.1,0.75
165,2016-05-30,1.75,0.25,-0.1,0.75
166,2016-05-31,1.75,0.25,-0.1,0.75
167,2016-06-01,1.75,0.25,-0.1,0.75
168,2016-06-02,1.75,0.25,-0.1,0.75
169,2016-06-03,1.75,0.25,-0.1,0.75
170,2016-06-04,1.75,0.25,-0.1,0.75
171,2016-06-05,1.75,0.25,-0.1,0.75
172,2016-06-06,1.75,0.25,-0.1,0.75
173,2016-06-07,1.75,0.25,-0.1,0.75
174,2016-06-08,1.75,0.25,-0.1,0.75
175,2016-06-09,1.75,0.25,-0.1,0.75
176,2016-06-10,1.75,0.25,-0.1,0.75
177,2016-06-11,1.75,0.25,-0.1,0.75
178,2016-06-12,1.75,0.25,-0.1,0.75
179,2016-06-13,1.75,0.25,-0.1,0.75
180,2016-06-14,1.75,0.25,-0.1,0.75
181,2016-06-15,1.75,0.25,-0.1,0.75
182,2016-06-16,1.75,0.25,-0.1,0.75
183,2016-06-17,1.75,0.25,-0.1,0.75
184,2016-06-18,1.75,0.25,-0.1,0.75
185,2016-06-19,1.75,0.25,-0.1,0.75
186,2016-06-20,1.75,0.25,-0.1,0.75
187,2016-06-21,1.75,0.25,-0.1,0.75
188,2016-06-22,1.75,0.25,-0.1,0.75
189,2016-06-23,1.75,0.25,-0.1,0.75
190,2016-06-24,1.75,0.25,-0.1,0.75
191,2016-06-25,1.75,0.25,-0.1,0.75
192,2016-06-26,1.75,0.25,-0.1,0.75
193,2016-06-27,1.75,0.25,-0.1,0.75
194,2016-06-28,1.75,0.25,-0.1,0.75
195,2016-06-29,1.75,0.25,-0.1,0.75
196,2016-06-30,1.75,0.25,-0.1,0.75
197,2016-07-01,1.75,0.25,-0.1,0.75
198,2016-07-02,1.75,0.25,-0.1,0.75
199,2016-07-03,1.75,0.25,-0.1,0.75
200,2016-07-04,1.75,0.25,-0.1,0.75
201,2016-07-05,1.75,0.25,-0.1,0.75
202,2016-07-06,1.75,0.25,-0.1,0.75
203,2016-07-07,1.75,0.25,-0.1,0.75
204,2016-07-08,1.75,0.25,-0.1,0.75
205,2016-07-09,1.75,0.25,-0.1,0.75
206,2016-07-10,1.75,0.25,-0.1,0.75
207,2016-07-11,1.75,0.25,-0.1,0.75
208,2016-07-12,1.75,0.25,-0.1,0.75
209,2016-07-13,1.75,0.25,-0.1,0.75
210,2016-07-14,1.75,0.25,-0.1,0.75
211,2016-07-15,1.75,0.25,-0.1,0.75
212,2016-07-16,1.75,0.25,-0.1,0.75
213,2016-07-17,1.75,0.25,-0.1,0.75
214,2016-07-18,1.75,0.25,-0.1,0.75
215,2016-07-19,1.75,0.25,-0.1,0.75
216,2016-07-20,1.75,0.25,-0.1,0.75
217,2016-07-21,1.75,0.25,-0.1,0.75
218,2016-07-22,1.75,0.25,-0.1,0.75
219,2016-07-23,1.75,0.25,-0.1,0.75
220,2016-07-24,1.75,0.25,-0.1,0.75
221,2016-07-25,1.75,0.25,-0.1,0.75
222,2016-07-26,1.75,0.25,-0.1,0.75
223,2016-07-27,1.75,0.25,-0.1,0.75
224,2016-07-28,1.75,0.25,-0.1,0.75
225,2016-07-29,1.75,0.25,-0.1,0.75
226,2016-07-30,1.75,0.25,-0.1,0.75
227,2016-07-31,1.75,0.25,-0.1,0.75
228,2016-08-01,1.75,0.25,-0.1,0.75
229,2016-08-02,1.75,0.25,-0.1,0.75
230,2016-08-03,1.5,0.25,-0.1,0.75
231,2016-08-04,1.5,0.25,-0.1,0.75
232,2016-08-05,1.5,0.25,-0.1,0.75
233,2016-08-06,1.5,0.25,-0.1,0.75
234,2016-08-07,1.5,0.25,-0.1,0.75
235,2016-08-08,1.5,0.25,-0.1,0.75
236,2016-08-09,1.5,0.25,-0.1,0.75
237,2016-08-10,1.5,0.25,-0.1,0.75
238,2016-08-11,1.5,0.25,-0.1,0.75
239,2016-08-12,1.5,0.25,-0.1,0.75
240,2016-08-13,1.5,0.25,-0.1,0.75
241,2016-08-14,1.5,0.25,-0.1,0.75
242,2016-08-15,1.5,0.25,-0.1,0.75
243,2016-08-16,1.5,0.25,-0.1,0.75
244,2016-08-17,1.5,0.25,-0.1,0.75
245,2016-08-18,1.5,0.25,-0.1,0.75
246,2016-08-19,1.5,0.25,-0.1,0.75
247,2016-08-20,1.5,0.25,-0.1,0.75
248,2016-08-21,1.5,0.25,-0.1,0.75
249,2016-08-22,1.5,0.25,-0.1,0.75
250,2016-08-23,1.5,0.25,-0.1,0.75
251,2016-08-24,1.5,0.25,-0.1,0.75
252,2016-08-25,1.5,0.25,-0.1,0.75
253,2016-08-26,1.5,0.25,-0.1,0.75
254,2016-08-27,1.5,0.25,-0.1,0.75
255,2016-08-28,1.5,0.25,-0.1,0.75
256,2016-08-29,1.5,0.25,-0.1,0.75
257,2016-08-30,1.5,0.25,-0.1,0.75
258,2016-08-31,1.5,0.25,-0.1,0.75
259,2016-09-01,1.5,0.25,-0.1,0.75
260,2016-09-02,1.5,0.25,-0.1,0.75
261,2016-09-03,1.5,0.25,-0.1,0.75
262,2016-09-04,1.5,0.25,-0.1,0.75
263,2016-09-05,1.5,0.25,-0.1,0.75
264,2016-09-06,1.5,0.25,-0.1,0.75
265,2016-09-07,1.5,0.25,-0.1,0.75
266,2016-09-08,1.5,0.25,-0.1,0.75
267,2016-09-09,1.5,0.25,-0.1,0.75
268,2016-09-10,1.5,0.25,-0.1,0.75
269,2016-09-11,1.5,0.25,-0.1,0.75
270,2016-09-12,1.5,0.25,-0.1,0.75
271,2016-09-13,1.5,0.25,-0.1,0.75
272,2016-09-14,1.5,0.25,-0.1,0.75
273,2016-09-15,1.5,0.25,-0.1,0.75
274,2016-09-16,1.5,0.25,-0.1,0.75
275,2016-09-17,1.5,0.25,-0.1,0.75
276,2016-09-18,1.5,0.25,-0.1,0.75
277,2016-09-19,1.5,0.25,-0.1,0.75
278,2016-09-20,1.5,0.25,-0.1,0.75
279,2016-09-21,1.5,0.25,-0.1,0.75
280,2016-09-22,1.5,0.25,-0.1,0.75
281,2016-09-23,1.5,0.25,-0.1,0.75
282,2016-09-24,1.5,0.25,-0.1,0.75
283,2016-09-25,1.5,0.25,-0.1,0.75
284,2016-09-26,1.5,0.25,-0.1,0.75
285,2016-09-27,1.5,0.25,-0.1,0.75
286,2016-09-28,1.5,0.25,-0.1,0.75
287,2016-09-29,1.5,0.25,-0.1,0.75
288,2016-09-30,1.5,0.25,-0.1,0.75
289,2016-10-01,1.5,0.25,-0.1,0.75
290,2016-10-02,1.5,0.25,-0.1,0.75
291,2016-10-03,1.5,0.25,-0.1,0.75
292,2016-10-04,1.5,0.25,-0.1,0.75
293,2016-10-05,1.5,0.25,-0.1,0.75
294,2016-10-06,1.5,0.25,-0.1,0.75
295,2016-10-07,1.5,0.25,-0.1,0.75
296,2016-10-08,1.5,0.25,-0.1,0.75
297,2016-10-09,1.5,0.25,-0.1,0.75
298,2016-10-10,1.5,0.25,-0.1,0.75
299,2016-10-11,1.5,0.25,-0.1,0.75
300,2016-10-12,1.5,0.25,-0.1,0.75
301,2016-10-13,1.5,0.25,-0.1,0.75
302,2016-10-14,1.5,0.25,-0.1,0.75
303,2016-10-15,1.5,0.25,-0.1,0.75
304,2016-10-16,1.5,0.25,-0.1,0.75
305,2016-10-17,1.5,0.25,-0.1,0.75
306,2016-10-18,1.5,0.25,-0.1,0.75
307,2016-10-19,1.5,0.25,-0.1,0.75
308,2016-10-20,1.5,0.25,-0.1,0.75
309,2016-10-21,1.5,0.25,-0.1,0.75
310,2016-10-22,1.5,0.25,-0.1,0.75
311,2016-10-23,1.5,0.25,-0.1,0.75
312,2016-10-24,1.5,0.25,-0.1,0.75
313,2016-10-25,1.5,0.25,-0.1,0.75
314,2016-10-26,1.5,0.25,-0.1,0.75
315,2016-10-27,1.5,0.25,-0.1,0.75
316,2016-10-28,1.5,0.25,-0.1,0.75
317,2016-10-29,1.5,0.25,-0.1,0.75
318,2016-10-30,1.5,0.25,-0.1,0.75
319,2016-10-31,1.5,0.25,-0.1,0.75
320,2016-11-01,1.5,0.25,-0.1,0.75
321,2016-11-02,1.5,0.25,-0.1,0.75
322,2016-11-03,1.5,0.25,-0.1,0.75
323,2016-11-04,1.5,0.25,-0.1,0.75
324,2016-11-05,1.5,0.25,-0.1,0.75
325,2016-11-06,1.5,0.25,-0.1,0.75
326,2016-11-07,1.5,0.25,-0.1,0.75
327,2016-11-08,1.5,0.25,-0.1,0.75
328,2016-11-09,1.5,0.25,-0.1,0.75
329,2016-11-10,1.5,0.25,-0.1,0.75
330,2016-11-11,1.5,0.25,-0.1,0.75
331,2016-11-12,1.5,0.25,-0.1,0.75
332,2016-11-13,1.5,0.25,-0.1,0.75
333,2016-11-14,1.5,0.25,-0.1,0.75
334,2016-11-15,1.5,0.25,-0.1,0.75
335,2016-11-16,1.5,0.25,-0.1,0.75
336,2016-11-17,1.5,0.25,-0.1,0.75
337,2016-11-18,1.5,0.25,-0.1,0.75
338,2016-11-19,1.5,0.25,-0.1,0.75
339,2016-11-20,1.5,0.25,-0.1,0.75
340,2016-11-21,1.5,0.25,-0.1,0.75
341,2016-11-22,1.5,0.25,-0.1,0.75
342,2016-11-23,1.5,0.25,-0.1,0.75
343,2016-11-24,1.5,0.25,-0.1,0.75
344,2016-11-25,1.5,0.25,-0.1,0.75
345,2016-11-26,1.5,0.25,-0.1,0.75
346,2016-11-27,1.5,0.25,-0.1,0.75
347,2016-11-28,1.5,0.25,-0.1,0.75
348,2016-11-29,1.5,0.25,-0.1,0.75
349,2016-11-30,1.5,0.25,-0.1,0.75
350,2016-12-01,1.5,0.25,-0.1,1.0
351,2016-12-02,1.5,0.25,-0.1,1.0
352,2016-12-03,1.5,0.25,-0.1,1.0
353,2016-12-04,1.5,0.25,-0.1,1.0
354,2016-12-05,1.5,0.25,-0.1,1.0
355,2016-12-06,1.5,0.25,-0.1,1.0
356,2016-12-07,1.5,0.25,-0.1,1.0
357,2016-12-08,1.5,0.25,-0.1,1.0
358,2016-12-09,1.5,0.25,-0.1,1.0
359,2016-12-10,1.5,0.25,-0.1,1.0
360,2016-12-11,1.5,0.25,-0.1,1.0
361,2016-12-12,1.5,0.25,-0.1,1.0
362,2016-12-13,1.5,0.25,-0.1,1.0
363,2016-12-14,1.5,0.25,-0.1,1.0
364,2016-12-15,1.5,0.5,-0.1,1.0
365,2016-12-16,1.5,0.5,-0.1,1.0
366,2016-12-17,1.5,0.5,-0.1,1.0
367,2016-12-18,1.5,0.5,-0.1,1.0
368,2016-12-19,1.5,0.5,-0.1,1.0
369,2016-12-20,1.5,0.5,-0.1,1.0
370,2016-12-21,1.5,0.5,-0.1,1.0
371,2016-12-22,1.5,0.5,-0.1,1.0
372,2016-12-23,1.5,0.5,-0.1,1.0
373,2016-12-24,1.5,0.5,-0.1,1.0
374,2016-12-25,1.5,0.5,-0.1,1.0
375,2016-12-26,1.5,0.5,-0.1,1.0
376,2016-12-27,1.5,0.5,-0.1,1.0
377,2016-12-28,1.5,0.5,-0.1,1.0
378,2016-12-29,1.5,0.5,-0.1,1.0
379,2016-12-30,1.5,0.5,-0.1,1.0
380,2016-12-31,1.5,0.5,-0.1,1.0
381,2017-01-01,1.5,0.5,-0.1,1.0
382,2017-01-02,1.5,0.5,-0.1,1.0
383,2017-01-03,1.5,0.5,-0.1,1.0
384,2017-01-04,1.5,0.5,-0.1,1.0
385,2017-01-05,1.5,0.5,-0.1,1.0
386,2017-01-06,1.5,0.5,-0.1,1.0
387,2017-01-07,1.5,0.5,-0.1,1.0
388,2017-01-08,1.5,0.5,-0.1,1.0
389,2017-01-09,1.5,0.5,-0.1,1.0
390,2017-01-10,1.5,0.5,-0.1,1.0
391,2017-01-11,1.5,0.5,-0.1,1.0
392,2017-01-12,1.5,0.5,-0.1,1.0
393,2017-01-13,1.5,0.5,-0.1,1.0
394,2017-01-14,1.5,0.5,-0.1,1.0
395,2017-01-15,1.5,0.5,-0.1,1.0
396,2017-01-16,1.5,0.5,-0.1,1.0
397,2017-01-17,1.5,0.5,-0.1,1.0
398,2017-01-18,1.5,0.5,-0.1,1.0
399,2017-01-19,1.5,0.5,-0.1,1.0
400,2017-01-20,1.5,0.5,-0.1,1.0
401,2017-01-21,1.5,0.5,-0.1,1.0
402,2017-01-22,1.5,0.5,-0.1,1.0
403,2017-01-23,1.5,0.5,-0.1,1.0
404,2017-01-24,1.5,0.5,-0.1,1.0
405,2017-01-25,1.5,0.5,-0.1,1.0
406,2017-01-26,1.5,0.5,-0.1,1.0
407,2017-01-27,1.5,0.5,-0.1,1.0
408,2017-01-28,1.5,0.5,-0.1,1.0
409,2017-01-29,1.5,0.5,-0.1,1.0
410,2017-01-30,1.5,0.5,-0.1,1.0
411,2017-01-31,1.5,0.5,-0.1,1.0
412,2017-02-01,1.5,0.5,-0.1,1.0
413,2017-02-02,1.5,0.5,-0.1,1.0
414,2017-02-03,1.5,0.5,-0.1,1.0
415,2017-02-04,1.5,0.5,-0.1,1.0
416,2017-02-05,1.5,0.5,-0.1,1.0
417,2017-02-06,1.5,0.5,-0.1,1.0
418,2017-02-07,1.5,0.5,-0.1,1.0
419,2017-02-08,1.5,0.5,-0.1,1.0
420,2017-02-09,1.5,0.5,-0.1,1.0
421,2017-02-10,1.5,0.5,-0.1,1.0
422,2017-02-11,1.5,0.5,-0.1,1.0
423,2017-02-12,1.5,0.5,-0.1,1.0
424,2017-02-13,1.5,0.5,-0.1,1.0
425,2017-02-14,1.5,0.5,-0.1,1.0
426,2017-02-15,1.5,0.5,-0.1,1.0
427,2017-02-16,1.5,0.5,-0.1,1.0
428,2017-02-17,1.5,0.5,-0.1,1.0
429,2017-02-18,1.5,0.5,-0.1,1.0
430,2017-02-19,1.5,0.5,-0.1,1.0
431,2017-02-20,1.5,0.5,-0.1,1.0
432,2017-02-21,1.5,0.5,-0.1,1.0
433,2017-02-22,1.5,0.5,-0.1,1.0
434,2017-02-23,1.5,0.5,-0.1,1.0
435,2017-02-24,1.5,0.5,-0.1,1.0
436,2017-02-25,1.5,0.5,-0.1,1.0
437,2017-02-26,1.5,0.5,-0.1,1.0
438,2017-02-27,1.5,0.5,-0.1,1.0
439,2017-02-28,1.5,0.5,-0.1,
440,2017-03-01,1.5,0.5,-0.1,1.25
441,2017-03-02,1.5,0.5,-0.1,1.25
442,2017-03-03,1.5,0.5,-0.1,1.25
443,2017-03-04,1.5,0.5,-0.1,1.25
444,2017-03-05,1.5,0.5,-0.1,1.25
445,2017-03-06,1.5,0.5,-0.1,1.25
446,2017-03-07,1.5,0.5,-0.1,1.25
447,2017-03-08,1.5,0.5,-0.1,1.25
448,2017-03-09,1.5,0.5,-0.1,1.25
449,2017-03-10,1.5,0.5,-0.1,1.25
450,2017-03-11,1.5,0.5,-0.1,1.25
451,2017-03-12,1.5,0.5,-0.1,1.25
452,2017-03-13,1.5,0.5,-0.1,1.25
453,2017-03-14,1.5,0.5,-0.1,1.25
454,2017-03-15,1.5,0.5,-0.1,1.25
455,2017-03-16,1.5,0.75,-0.1,1.25
456,2017-03-17,1.5,0.75,-0.1,1.25
457,2017-03-18,1.5,0.75,-0.1,1.25
458,2017-03-19,1.5,0.75,-0.1,1.25
459,2017-03-20,1.5,0.75,-0.1,1.25
460,2017-03-21,1.5,0.75,-0.1,1.25
461,2017-03-22,1.5,0.75,-0.1,1.25
462,2017-03-23,1.5,0.75,-0.1,1.25
463,2017-03-24,1.5,0.75,-0.1,1.25
464,2017-03-25,1.5,0.75,-0.1,1.25
465,2017-03-26,1.5,0.75,-0.1,1.25
466,2017-03-27,1.5,0.75,-0.1,1.25
467,2017-03-28,1.5,0.75,-0.1,1.25
468,2017-03-29,1.5,0.75,-0.1,1.25
469,2017-03-30,1.5,0.75,-0.1,1.25
470,2017-03-31,1.5,0.75,-0.1,1.25
471,2017-04-01,1.5,0.75,-0.1,1.25
472,2017-04-02,1.5,0.75,-0.1,1.25
473,2017-04-03,1.5,0.75,-0.1,1.25
474,2017-04-04,1.5,0.75,-0.1,1.25
475,2017-04-05,1.5,0.75,-0.1,1.25
476,2017-04-06,1.5,0.75,-0.1,1.25
477,2017-04-07,1.5,0.75,-0.1,1.25
478,2017-04-08,1.5,0.75,-0.1,1.25
479,2017-04-09,1.5,0.75,-0.1,1.25
480,2017-04-10,1.5,0.75,-0.1,1.25
481,2017-04-11,1.5,0.75,-0.1,1.25
482,2017-04-12,1.5,0.75,-0.1,1.25
483,2017-04-13,1.5,0.75,-0.1,1.25
484,2017-04-14,1.5,0.75,-0.1,1.25
485,2017-04-15,1.5,0.75,-0.1,1.25
486,2017-04-16,1.5,0.75,-0.1,1.25
487,2017-04-17,1.5,0.75,-0.1,1.25
488,2017-04-18,1.5,0.75,-0.1,1.25
489,2017-04-19,1.5,0.75,-0.1,1.25
490,2017-04-20,1.5,0.75,-0.1,1.25
491,2017-04-21,1.5,0.75,-0.1,1.25
492,2017-04-22,1.5,0.75,-0.1,1.25
493,2017-04-23,1.5,0.75,-0.1,1.25
494,2017-04-24,1.5,0.75,-0.1,1.25
495,2017-04-25,1.5,0.75,-0.1,1.25
496,2017-04-26,1.5,0.75,-0.1,1.25
497,2017-04-27,1.5,0.75,-0.1,1.25
498,2017-04-28,1.5,0.75,-0.1,1.25
499,2017-04-29,1.5,0.75,-0.1,1.25
500,2017-04-30,1.5,0.75,-0.1,1.25
501,2017-05-01,1.5,0.75,-0.1,1.25
502,2017-05-02,1.5,0.75,-0.1,1.25
503,2017-05-03,1.5,0.75,-0.1,1.25
504,2017-05-04,1.5,0.75,-0.1,1.25
505,2017-05-05,1.5,0.75,-0.1,1.25
506,2017-05-06,1.5,0.75,-0.1,1.25
507,2017-05-07,1.5,0.75,-0.1,1.25
508,2017-05-08,1.5,0.75,-0.1,1.25
509,2017-05-09,1.5,0.75,-0.1,1.25
510,2017-05-10,1.5,0.75,-0.1,1.25
511,2017-05-11,1.5,0.75,-0.1,1.25
512,2017-05-12,1.5,0.75,-0.1,1.25
513,2017-05-13,1.5,0.75,-0.1,1.25
514,2017-05-14,1.5,0.75,-0.1,1.25
515,2017-05-15,1.5,0.75,-0.1,1.25
516,2017-05-16,1.5,0.75,-0.1,1.25
517,2017-05-17,1.5,0.75,-0.1,1.25
518,2017-05-18,1.5,0.75,-0.1,1.25
519,2017-05-19,1.5,0.75,-0.1,1.25
520,2017-05-20,1.5,0.75,-0.1,1.25
521,2017-05-21,1.5,0.75,-0.1,1.25
522,2017-05-22,1.5,0.75,-0.1,1.25
523,2017-05-23,1.5,0.75,-0.1,1.25
524,2017-05-24,1.5,0.75,-0.1,1.25
525,2017-05-25,1.5,0.75,-0.1,1.25
526,2017-05-26,1.5,0.75,-0.1,1.25
527,2017-05-27,1.5,0.75,-0.1,1.25
528,2017-05-28,1.5,0.75,-0.1,1.25
529,2017-05-29,1.5,0.75,-0.1,1.25
530,2017-05-30,1.5,0.75,-0.1,1.25
531,2017-05-31,1.5,0.75,-0.1,1.25
532,2017-06-01,1.5,0.75,-0.1,1.5
533,2017-06-02,1.5,0.75,-0.1,1.5
534,2017-06-03,1.5,0.75,-0.1,1.5
535,2017-06-04,1.5,0.75,-0.1,1.5
536,2017-06-05,1.5,0.75,-0.1,1.5
537,2017-06-06,1.5,0.75,-0.1,1.5
538,2017-06-07,1.5,0.75,-0.1,1.5
539,2017-06-08,1.5,0.75,-0.1,1.5
540,2017-06-09,1.5,0.75,-0.1,1.5
541,2017-06-10,1.5,0.75,-0.1,1.5
542,2017-06-11,1.5,0.75,-0.1,1.5
543,2017-06-12,1.5,0.75,-0.1,1.5
544,2017-06-13,1.5,0.75,-0.1,1.5
545,2017-06-14,1.5,0.75,-0.1,1.5
546,2017-06-15,1.5,1.0,-0.1,1.5
547,2017-06-16,1.5,1.0,-0.1,1.5
548,2017-06-17,1.5,1.0,-0.1,1.5
549,2017-06-18,1.5,1.0,-0.1,1.5
550,2017-06-19,1.5,1.0,-0.1,1.5
551,2017-06-20,1.5,1.0,-0.1,1.5
552,2017-06-21,1.5,1.0,-0.1,1.5
553,2017-06-22,1.5,1.0,-0.1,1.5
554,2017-06-23,1.5,1.0,-0.1,1.5
555,2017-06-24,1.5,1.0,-0.1,1.5
556,2017-06-25,1.5,1.0,-0.1,1.5
557,2017-06-26,1.5,1.0,-0.1,1.5
558,2017-06-27,1.5,1.0,-0.1,1.5
559,2017-06-28,1.5,1.0,-0.1,1.5
560,2017-06-29,1.5,1.0,-0.1,1.5
561,2017-06-30,1.5,1.0,-0.1,1.5
562,2017-07-01,1.5,1.0,-0.1,1.5
563,2017-07-02,1.5,1.0,-0.1,1.5
564,2017-07-03,1.5,1.0,-0.1,1.5
565,2017-07-04,1.5,1.0,-0.1,1.5
566,2017-07-05,1.5,1.0,-0.1,1.5
567,2017-07-06,1.5,1.0,-0.1,1.5
568,2017-07-07,1.5,1.0,-0.1,1.5
569,2017-07-08,1.5,1.0,-0.1,1.5
570,2017-07-09,1.5,1.0,-0.1,1.5
571,2017-07-10,1.5,1.0,-0.1,1.5
572,2017-07-11,1.5,1.0,-0.1,1.5
573,2017-07-12,1.5,1.0,-0.1,1.5
574,2017-07-13,1.5,1.0,-0.1,1.5
575,2017-07-14,1.5,1.0,-0.1,1.5
576,2017-07-15,1.5,1.0,-0.1,1.5
577,2017-07-16,1.5,1.0,-0.1,1.5
578,2017-07-17,1.5,1.0,-0.1,1.5
579,2017-07-18,1.5,1.0,-0.1,1.5
580,2017-07-19,1.5,1.0,-0.1,1.5
581,2017-07-20,1.5,1.0,-0.1,1.5
582,2017-07-21,1.5,1.0,-0.1,1.5
583,2017-07-22,1.5,1.0,-0.1,1.5
584,2017-07-23,1.5,1.0,-0.1,1.5
585,2017-07-24,1.5,1.0,-0.1,1.5
586,2017-07-25,1.5,1.0,-0.1,1.5
587,2017-07-26,1.5,1.0,-0.1,1.5
588,2017-07-27,1.5,1.0,-0.1,1.5
589,2017-07-28,1.5,1.0,-0.1,1.5
590,2017-07-29,1.5,1.0,-0.1,1.5
591,2017-07-30,1.5,1.0,-0.1,1.5
592,2017-07-31,1.5,1.0,-0.1,1.5
593,2017-08-01,1.5,1.0,-0.1,1.5
594,2017-08-02,1.5,1.0,-0.1,1.5
595,2017-08-03,1.5,1.0,-0.1,1.5
596,2017-08-04,1.5,1.0,-0.1,1.5
597,2017-08-05,1.5,1.0,-0.1,1.5
598,2017-08-06,1.5,1.0,-0.1,1.5
599,2017-08-07,1.5,1.0,-0.1,1.5
600,2017-08-08,1.5,1.0,-0.1,1.5
601,2017-08-09,1.5,1.0,-0.1,1.5
602,2017-08-10,1.5,1.0,-0.1,1.5
603,2017-08-11,1.5,1.0,-0.1,1.5
604,2017-08-12,1.5,1.0,-0.1,1.5
605,2017-08-13,1.5,1.0,-0.1,1.5
606,2017-08-14,1.5,1.0,-0.1,1.5
607,2017-08-15,1.5,1.0,-0.1,1.5
608,2017-08-16,1.5,1.0,-0.1,1.5
609,2017-08-17,1.5,1.0,-0.1,1.5
610,2017-08-18,1.5,1.0,-0.1,1.5
611,2017-08-19,1.5,1.0,-0.1,1.5
612,2017-08-20,1.5,1.0,-0.1,1.5
613,2017-08-21,1.5,1.0,-0.1,1.5
614,2017-08-22,1.5,1.0,-0.1,1.5
615,2017-08-23,1.5,1.0,-0.1,1.5
616,2017-08-24,1.5,1.0,-0.1,1.5
617,2017-08-25,1.5,1.0,-0.1,1.5
618,2017-08-26,1.5,1.0,-0.1,1.5
619,2017-08-27,1.5,1.0,-0.1,1.5
620,2017-08-28,1.5,1.0,-0.1,1.5
621,2017-08-29,1.5,1.0,-0.1,1.5
622,2017-08-30,1.5,1.0,-0.1,1.5
623,2017-08-31,1.5,1.0,-0.1,1.5
624,2017-09-01,1.5,1.0,-0.1,1.5
625,2017-09-02,1.5,1.0,-0.1,1.5
626,2017-09-03,1.5,1.0,-0.1,1.5
627,2017-09-04,1.5,1.0,-0.1,1.5
628,2017-09-05,1.5,1.0,-0.1,1.5
629,2017-09-06,1.5,1.0,-0.1,1.5
630,2017-09-07,1.5,1.0,-0.1,1.5
631,2017-09-08,1.5,1.0,-0.1,1.5
632,2017-09-09,1.5,1.0,-0.1,1.5
633,2017-09-10,1.5,1.0,-0.1,1.5
634,2017-09-11,1.5,1.0,-0.1,1.5
635,2017-09-12,1.5,1.0,-0.1,1.5
636,2017-09-13,1.5,1.0,-0.1,1.5
637,2017-09-14,1.5,1.0,-0.1,1.5
638,2017-09-15,1.5,1.0,-0.1,1.5
639,2017-09-16,1.5,1.0,-0.1,1.5
640,2017-09-17,1.5,1.0,-0.1,1.5
641,2017-09-18,1.5,1.0,-0.1,1.5
642,2017-09-19,1.5,1.0,-0.1,1.5
643,2017-09-20,1.5,1.0,-0.1,1.5
644,2017-09-21,1.5,1.0,-0.1,1.5
645,2017-09-22,1.5,1.0,-0.1,1.5
646,2017-09-23,1.5,1.0,-0.1,1.5
647,2017-09-24,1.5,1.0,-0.1,1.5
648,2017-09-25,1.5,1.0,-0.1,1.5
649,2017-09-26,1.5,1.0,-0.1,1.5
650,2017-09-27,1.5,1.0,-0.1,1.5
651,2017-09-28,1.5,1.0,-0.1,1.5
652,2017-09-29,1.5,1.0,-0.1,1.5
653,2017-09-30,1.5,1.0,-0.1,1.5
654,2017-10-01,1.5,1.0,-0.1,1.5
655,2017-10-02,1.5,1.0,-0.1,1.5
656,2017-10-03,1.5,1.0,-0.1,1.5
657,2017-10-04,1.5,1.0,-0.1,1.5
658,2017-10-05,1.5,1.0,-0.1,1.5
659,2017-10-06,1.5,1.0,-0.1,1.5
660,2017-10-07,1.5,1.0,-0.1,1.5
661,2017-10-08,1.5,1.0,-0.1,1.5
662,2017-10-09,1.5,1.0,-0.1,1.5
663,2017-10-10,1.5,1.0,-0.1,1.5
664,2017-10-11,1.5,1.0,-0.1,1.5
665,2017-10-12,1.5,1.0,-0.1,1.5
666,2017-10-13,1.5,1.0,-0.1,1.5
667,2017-10-14,1.5,1.0,-0.1,1.5
668,2017-10-15,1.5,1.0,-0.1,1.5
669,2017-10-16,1.5,1.0,-0.1,1.5
670,2017-10-17,1.5,1.0,-0.1,1.5
671,2017-10-18,1.5,1.0,-0.1,1.5
672,2017-10-19,1.5,1.0,-0.1,1.5
673,2017-10-20,1.5,1.0,-0.1,1.5
674,2017-10-21,1.5,1.0,-0.1,1.5
675,2017-10-22,1.5,1.0,-0.1,1.5
676,2017-10-23,1.5,1.0,-0.1,1.5
677,2017-10-24,1.5,1.0,-0.1,1.5
678,2017-10-25,1.5,1.0,-0.1,1.5
679,2017-10-26,1.5,1.0,-0.1,1.5
680,2017-10-27,1.5,1.0,-0.1,1.5
681,2017-10-28,1.5,1.0,-0.1,1.5
682,2017-10-29,1.5,1.0,-0.1,1.5
683,2017-10-30,1.5,1.0,-0.1,1.5
684,2017-10-31,1.5,1.0,-0.1,1.5
685,2017-11-01,1.5,1.0,-0.1,1.5
686,2017-11-02,1.5,1.0,-0.1,1.5
687,2017-11-03,1.5,1.0,-0.1,1.5
688,2017-11-04,1.5,1.0,-0.1,1.5
689,2017-11-05,1.5,1.0,-0.1,1.5
690,2017-11-06,1.5,1.0,-0.1,1.5
691,2017-11-07,1.5,1.0,-0.1,1.5
692,2017-11-08,1.5,1.0,-0.1,1.5
693,2017-11-09,1.5,1.0,-0.1,1.5
694,2017-11-10,1.5,1.0,-0.1,1.5
695,2017-11-11,1.5,1.0,-0.1,1.5
696,2017-11-12,1.5,1.0,-0.1,1.5
697,2017-11-13,1.5,1.0,-0.1,1.5
698,2017-11-14,1.5,1.0,-0.1,1.5
699,2017-11-15,1.5,1.0,-0.1,1.5
700,2017-11-16,1.5,1.0,-0.1,1.5
701,2017-11-17,1.5,1.0,-0.1,1.5
702,2017-11-18,1.5,1.0,-0.1,1.5
703,2017-11-19,1.5,1.0,-0.1,1.5
704,2017-11-20,1.5,1.0,-0.1,1.5
705,2017-11-21,1.5,1.0,-0.1,1.5
706,2017-11-22,1.5,1.0,-0.1,1.5
707,2017-11-23,1.5,1.0,-0.1,1.5
708,2017-11-24,1.5,1.0,-0.1,1.5
709,2017-11-25,1.5,1.0,-0.1,1.5
710,2017-11-26,1.5,1.0,-0.1,1.5
711,2017-11-27,1.5,1.0,-0.1,1.5
712,2017-11-28,1.5,1.0,-0.1,1.5
713,2017-11-29,1.5,1.0,-0.1,1.5
714,2017-11-30,1.5,1.0,-0.1,1.5
715,2017-12-01,1.5,1.0,-0.1,1.75
716,2017-12-02,1.5,1.0,-0.1,1.75
717,2017-12-03,1.5,1.0,-0.1,1.75
718,2017-12-04,1.5,1.0,-0.1,1.75
719,2017-12-05,1.5,1.0,-0.1,1.75
720,2017-12-06,1.5,1.0,-0.1,1.75
721,2017-12-07,1.5,1.0,-0.1,1.75
722,2017-12-08,1.5,1.0,-0.1,1.75
723,2017-12-09,1.5,1.0,-0.1,1.75
724,2017-12-10,1.5,1.0,-0.1,1.75
725,2017-12-11,1.5,1.0,-0.1,1.75
726,2017-12-12,1.5,1.0,-0.1,1.75
727,2017-12-13,1.5,1.0,-0.1,1.75
728,2017-12-14,1.5,1.25,-0.1,1.75
729,2017-12-15,1.5,1.25,-0.1,1.75
730,2017-12-16,1.5,1.25,-0.1,1.75
731,2017-12-17,1.5,1.25,-0.1,1.75
732,2017-12-18,1.5,1.25,-0.1,1.75
733,2017-12-19,1.5,1.25,-0.1,1.75
734,2017-12-20,1.5,1.25,-0.1,1.75
735,2017-12-21,1.5,1.25,-0.1,1.75
736,2017-12-22,1.5,1.25,-0.1,1.75
737,2017-12-23,1.5,1.25,-0.1,1.75
738,2017-12-24,1.5,1.25,-0.1,1.75
739,2017-12-25,1.5,1.25,-0.1,1.75
740,2017-12-26,1.5,1.25,-0.1,1.75
741,2017-12-27,1.5,1.25,-0.1,1.75
742,2017-12-28,1.5,1.25,-0.1,1.75
743,2017-12-29,1.5,1.25,-0.1,1.75
744,2017-12-30,1.5,1.25,-0.1,1.75
745,2017-12-31,1.5,1.25,-0.1,1.75
746,2018-01-01,1.5,1.25,-0.1,1.75
747,2018-01-02,1.5,1.25,-0.1,1.75
748,2018-01-03,1.5,1.25,-0.1,1.75
749,2018-01-04,1.5,1.25,-0.1,1.75
750,2018-01-05,1.5,1.25,-0.1,1.75
751,2018-01-06,1.5,1.25,-0.1,1.75
752,2018-01-07,1.5,1.25,-0.1,1.75
753,2018-01-08,1.5,1.25,-0.1,1.75
754,2018-01-09,1.5,1.25,-0.1,1.75
755,2018-01-10,1.5,1.25,-0.1,1.75
756,2018-01-11,1.5,1.25,-0.1,1.75
757,2018-01-12,1.5,1.25,-0.1,1.75
758,2018-01-13,1.5,1.25,-0.1,1.75
759,2018-01-14,1.5,1.25,-0.1,1.75
760,2018-01-15,1.5,1.25,-0.1,1.75
761,2018-01-16,1.5,1.25,-0.1,1.75
762,2018-01-17,1.5,1.25,-0.1,1.75
763,2018-01-18,1.5,1.25,-0.1,1.75
764,2018-01-19,1.5,1.25,-0.1,1.75
765,2018-01-20,1.5,1.25,-0.1,1.75
766,2018-01-21,1.5,1.25,-0.1,1.75
767,2018-01-22,1.5,1.25,-0.1,1.75
768,2018-01-23,1.5,1.25,-0.1,1.75
769,2018-01-24,1.5,1.25,-0.1,1.75
770,2018-01-25,1.5,1.25,-0.1,1.75
771,2018-01-26,1.5,1.25,-0.1,1.75
772,2018-01-27,1.5,1.25,-0.1,1.75
773,2018-01-28,1.5,1.25,-0.1,1.75
774,2018-01-29,1.5,1.25,-0.1,1.75
775,2018-01-30,1.5,1.25,-0.1,1.75
776,2018-01-31,1.5,1.25,-0.1,1.75
777,2018-02-01,1.5,1.25,-0.1,1.75
778,2018-02-02,1.5,1.25,-0.1,1.75
779,2018-02-03,1.5,1.25,-0.1,1.75
780,2018-02-04,1.5,1.25,-0.1,1.75
781,2018-02-05,1.5,1.25,-0.1,1.75
782,2018-02-06,1.5,1.25,-0.1,1.75
783,2018-02-07,1.5,1.25,-0.1,1.75
784,2018-02-08,1.5,1.25,-0.1,1.75
785,2018-02-09,1.5,1.25,-0.1,1.75
786,2018-02-10,1.5,1.25,-0.1,1.75
787,2018-02-11,1.5,1.25,-0.1,1.75
788,2018-02-12,1.5,1.25,-0.1,1.75
789,2018-02-13,1.5,1.25,-0.1,1.75
790,2018-02-14,1.5,1.25,-0.1,1.75
791,2018-02-15,1.5,1.25,-0.1,1.75
792,2018-02-16,1.5,1.25,-0.1,1.75
793,2018-02-17,1.5,1.25,-0.1,1.75
794,2018-02-18,1.5,1.25,-0.1,1.75
795,2018-02-19,1.5,1.25,-0.1,1.75
796,2018-02-20,1.5,1.25,-0.1,1.75
797,2018-02-21,1.5,1.25,-0.1,1.75
798,2018-02-22,1.5,1.25,-0.1,1.75
799,2018-02-23,1.5,1.25,-0.1,1.75
800,2018-02-24,1.5,1.25,-0.1,1.75
801,2018-02-25,1.5,1.25,-0.1,1.75
802,2018-02-26,1.5,1.25,-0.1,1.75
803,2018-02-27,1.5,1.25,-0.1,1.75
804,2018-02-28,1.5,1.25,-0.1,
805,2018-03-01,1.5,1.25,-0.1,2.0
806,2018-03-02,1.5,1.25,-0.1,2.0
807,2018-03-03,1.5,1.25,-0.1,2.0
808,2018-03-04,1.5,1.25,-0.1,2.0
809,2018-03-05,1.5,1.25,-0.1,2.0
810,2018-03-06,1.5,1.25,-0.1,2.0
811,2018-03-07,1.5,1.25,-0.1,2.0
812,2018-03-08,1.5,1.25,-0.1,2.0
813,2018-03-09,1.5,1.25,-0.1,2.0
814,2018-03-10,1.5,1.25,-0.1,2.0
815,2018-03-11,1.5,1.25,-0.1,2.0
816,2018-03-12,1.5,1.25,-0.1,2.0
817,2018-03-13,1.5,1.25,-0.1,2.0
818,2018-03-14,1.5,1.25,-0.1,2.0
819,2018-03-15,1.5,1.25,-0.1,2.0
820,2018-03-16,1.5,1.25,-0.1,2.0
821,2018-03-17,1.5,1.25,-0.1,2.0
822,2018-03-18,1.5,1.25,-0.1,2.0
823,2018-03-19,1.5,1.25,-0.1,2.0
824,2018-03-20,1.5,1.25,-0.1,2.0
825,2018-03-21,1.5,1.25,-0.1,2.0
826,2018-03-22,1.5,1.5,-0.1,2.0
827,2018-03-23,1.5,1.5,-0.1,2.0
828,2018-03-24,1.5,1.5,-0.1,2.0
829,2018-03-25,1.5,1.5,-0.1,2.0
830,2018-03-26,1.5,1.5,-0.1,2.0
831,2018-03-27,1.5,1.5,-0.1,2.0
832,2018-03-28,1.5,1.5,-0.1,2.0
833,2018-03-29,1.5,1.5,-0.1,2.0
834,2018-03-30,1.5,1.5,-0.1,2.0
835,2018-03-31,1.5,1.5,-0.1,2.0
836,2018-04-01,1.5,1.5,-0.1,2.0
837,2018-04-02,1.5,1.5,-0.1,2.0
838,2018-04-03,1.5,1.5,-0.1,2.0
839,2018-04-04,1.5,1.5,-0.1,2.0
840,2018-04-05,1.5,1.5,-0.1,2.0
841,2018-04-06,1.5,1.5,-0.1,2.0
842,2018-04-07,1.5,1.5,-0.1,2.0
843,2018-04-08,1.5,1.5,-0.1,2.0
844,2018-04-09,1.5,1.5,-0.1,2.0
845,2018-04-10,1.5,1.5,-0.1,2.0
846,2018-04-11,1.5,1.5,-0.1,2.0
847,2018-04-12,1.5,1.5,-0.1,2.0
848,2018-04-13,1.5,1.5,-0.1,2.0
849,2018-04-14,1.5,1.5,-0.1,2.0
850,2018-04-15,1.5,1.5,-0.1,2.0
851,2018-04-16,1.5,1.5,-0.1,2.0
852,2018-04-17,1.5,1.5,-0.1,2.0
853,2018-04-18,1.5,1.5,-0.1,2.0
854,2018-04-19,1.5,1.5,-0.1,2.0
855,2018-04-20,1.5,1.5,-0.1,2.0
856,2018-04-21,1.5,1.5,-0.1,2.0
857,2018-04-22,1.5,1.5,-0.1,2.0
858,2018-04-23,1.5,1.5,-0.1,2.0
859,2018-04-24,1.5,1.5,-0.1,2.0
860,2018-04-25,1.5,1.5,-0.1,2.0
861,2018-04-26,1.5,1.5,-0.1,2.0
862,2018-04-27,1.5,1.5,-0.1,2.0
863,2018-04-28,1.5,1.5,-0.1,2.0
864,2018-04-29,1.5,1.5,-0.1,2.0
865,2018-04-30,1.5,1.5,-0.1,2.0
866,2018-05-01,1.5,1.5,-0.1,2.0
867,2018-05-02,1.5,1.5,-0.1,2.0
868,2018-05-03,1.5,1.5,-0.1,2.0
869,2018-05-04,1.5,1.5,-0.1,2.0
870,2018-05-05,1.5,1.5,-0.1,2.0
871,2018-05-06,1.5,1.5,-0.1,2.0
872,2018-05-07,1.5,1.5,-0.1,2.0
873,2018-05-08,1.5,1.5,-0.1,2.0
874,2018-05-09,1.5,1.5,-0.1,2.0
875,2018-05-10,1.5,1.5,-0.1,2.0
876,2018-05-11,1.5,1.5,-0.1,2.0
877,2018-05-12,1.5,1.5,-0.1,2.0
878,2018-05-13,1.5,1.5,-0.1,2.0
879,2018-05-14,1.5,1.5,-0.1,2.0
880,2018-05-15,1.5,1.5,-0.1,2.0
881,2018-05-16,1.5,1.5,-0.1,2.0
882,2018-05-17,1.5,1.5,-0.1,2.0
883,2018-05-18,1.5,1.5,-0.1,2.0
884,2018-05-19,1.5,1.5,-0.1,2.0
885,2018-05-20,1.5,1.5,-0.1,2.0
886,2018-05-21,1.5,1.5,-0.1,2.0
887,2018-05-22,1.5,1.5,-0.1,2.0
888,2018-05-23,1.5,1.5,-0.1,2.0
889,2018-05-24,1.5,1.5,-0.1,2.0
890,2018-05-25,1.5,1.5,-0.1,2.0
891,2018-05-26,1.5,1.5,-0.1,2.0
892,2018-05-27,1.5,1.5,-0.1,2.0
893,2018-05-28,1.5,1.5,-0.1,2.0
894,2018-05-29,1.5,1.5,-0.1,2.0
895,2018-05-30,1.5,1.5,-0.1,2.0
896,2018-05-31,1.5,1.5,-0.1,2.0
897,2018-06-01,1.5,1.5,-0.1,2.25
898,2018-06-02,1.5,1.5,-0.1,2.25
899,2018-06-03,1.5,1.5,-0.1,2.25
900,2018-06-04,1.5,1.5,-0.1,2.25
901,2018-06-05,1.5,1.5,-0.1,2.25
902,2018-06-06,1.5,1.5,-0.1,2.25
903,2018-06-07,1.5,1.5,-0.1,2.25
904,2018-06-08,1.5,1.5,-0.1,2.25
905,2018-06-09,1.5,1.5,-0.1,2.25
906,2018-06-10,1.5,1.5,-0.1,2.25
907,2018-06-11,1.5,1.5,-0.1,2.25
908,2018-06-12,1.5,1.5,-0.1,2.25
909,2018-06-13,1.5,1.5,-0.1,2.25
910,2018-06-14,1.5,1.75,-0.1,2.25
911,2018-06-15,1.5,1.75,-0.1,2.25
912,2018-06-16,1.5,1.75,-0.1,2.25
913,2018-06-17,1.5,1.75,-0.1,2.25
914,2018-06-18,1.5,1.75,-0.1,2.25
915,2018-06-19,1.5,1.75,-0.1,2.25
916,2018-06-20,1.5,1.75,-0.1,2.25
917,2018-06-21,1.5,1.75,-0.1,2.25
918,2018-06-22,1.5,1.75,-0.1,2.25
919,2018-06-23,1.5,1.75,-0.1,2.25
920,2018-06-24,1.5,1.75,-0.1,2.25
921,2018-06-25,1.5,1.75,-0.1,2.25
922,2018-06-26,1.5,1.75,-0.1,2.25
923,2018-06-27,1.5,1.75,-0.1,2.25
924,2018-06-28,1.5,1.75,-0.1,2.25
925,2018-06-29,1.5,1.75,-0.1,2.25
926,2018-06-30,1.5,1.75,-0.1,2.25
927,2018-07-01,1.5,1.75,-0.1,2.25
928,2018-07-02,1.5,1.75,-0.1,2.25
929,2018-07-03,1.5,1.75,-0.1,2.25
930,2018-07-04,1.5,1.75,-0.1,2.25
931,2018-07-05,1.5,1.75,-0.1,2.25
932,2018-07-06,1.5,1.75,-0.1,2.25
933,2018-07-07,1.5,1.75,-0.1,2.25
934,2018-07-08,1.5,1.75,-0.1,2.25
935,2018-07-09,1.5,1.75,-0.1,2.25
936,2018-07-10,1.5,1.75,-0.1,2.25
937,2018-07-11,1.5,1.75,-0.1,2.25
938,2018-07-12,1.5,1.75,-0.1,2.25
939,2018-07-13,1.5,1.75,-0.1,2.25
940,2018-07-14,1.5,1.75,-0.1,2.25
941,2018-07-15,1.5,1.75,-0.1,2.25
942,2018-07-16,1.5,1.75,-0.1,2.25
943,2018-07-17,1.5,1.75,-0.1,2.25
944,2018-07-18,1.5,1.75,-0.1,2.25
945,2018-07-19,1.5,1.75,-0.1,2.25
946,2018-07-20,1.5,1.75,-0.1,2.25
947,2018-07-21,1.5,1.75,-0.1,2.25
948,2018-07-22,1.5,1.75,-0.1,2.25
949,2018-07-23,1.5,1.75,-0.1,2.25
950,2018-07-24,1.5,1.75,-0.1,2.25
951,2018-07-25,1.5,1.75,-0.1,2.25
952,2018-07-26,1.5,1.75,-0.1,2.25
953,2018-07-27,1.5,1.75,-0.1,2.25
954,2018-07-28,1.5,1.75,-0.1,2.25
955,2018-07-29,1.5,1.75,-0.1,2.25
956,2018-07-30,1.5,1.75,-0.1,2.25
957,2018-07-31,1.5,1.75,-0.1,2.25
958,2018-08-01,1.5,1.75,-0.1,2.25
959,2018-08-02,1.5,1.75,-0.1,2.25
960,2018-08-03,1.5,1.75,-0.1,2.25
961,2018-08-04,1.5,1.75,-0.1,2.25
962,2018-08-05,1.5,1.75,-0.1,2.25
963,2018-08-06,1.5,1.75,-0.1,2.25
964,2018-08-07,1.5,1.75,-0.1,2.25
965,2018-08-08,1.5,1.75,-0.1,2.25
966,2018-08-09,1.5,1.75,-0.1,2.25
967,2018-08-10,1.5,1.75,-0.1,2.25
968,2018-08-11,1.5,1.75,-0.1,2.25
969,2018-08-12,1.5,1.75,-0.1,2.25
970,2018-08-13,1.5,1.75,-0.1,2.25
971,2018-08-14,1.5,1.75,-0.1,2.25
972,2018-08-15,1.5,1.75,-0.1,2.25
973,2018-08-16,1.5,1.75,-0.1,2.25
974,2018-08-17,1.5,1.75,-0.1,2.25
975,2018-08-18,1.5,1.75,-0.1,2.25
976,2018-08-19,1.5,1.75,-0.1,2.25
977,2018-08-20,1.5,1.75,-0.1,2.25
978,2018-08-21,1.5,1.75,-0.1,2.25
979,2018-08-22,1.5,1.75,-0.1,2.25
980,2018-08-23,1.5,1.75,-0.1,2.25
981,2018-08-24,1.5,1.75,-0.1,2.25
982,2018-08-25,1.5,1.75,-0.1,2.25
983,2018-08-26,1.5,1.75,-0.1,2.25
984,2018-08-27,1.5,1.75,-0.1,2.25
985,2018-08-28,1.5,1.75,-0.1,2.25
986,2018-08-29,1.5,1.75,-0.1,2.25
987,2018-08-30,1.5,1.75,-0.1,2.25
988,2018-08-31,1.5,1.75,-0.1,2.25
989,2018-09-01,1.5,1.75,-0.1,2.5
990,2018-09-02,1.5,1.75,-0.1,2.5
991,2018-09-03,1.5,1.75,-0.1,2.5
992,2018-09-04,1.5,1.75,-0.1,2.5
993,2018-09-05,1.5,1.75,-0.1,2.5
994,2018-09-06,1.5,1.75,-0.1,2.5
995,2018-09-07,1.5,1.75,-0.1,2.5
996,2018-09-08,1.5,1.75,-0.1,2.5
997,2018-09-09,1.5,1.75,-0.1,2.5
998,2018-09-10,1.5,1.75,-0.1,2.5
999,2018-09-11,1.5,1.75,-0.1,2.5
1000,2018-09-12,1.5,1.75,-0.1,2.5
1001,2018-09-13,1.5,1.75,-0.1,2.5
1002,2018-09-14,1.5,1.75,-0.1,2.5
1003,2018-09-15,1.5,1.75,-0.1,2.5
1004,2018-09-16,1.5,1.75,-0.1,2.5
1005,2018-09-17,1.5,1.75,-0.1,2.5
1006,2018-09-18,1.5,1.75,-0.1,2.5
1007,2018-09-19,1.5,1.75,-0.1,2.5
1008,2018-09-20,1.5,1.75,-0.1,2.5
1009,2018-09-21,1.5,1.75,-0.1,2.5
1010,2018-09-22,1.5,1.75,-0.1,2.5
1011,2018-09-23,1.5,1.75,-0.1,2.5
1012,2018-09-24,1.5,1.75,-0.1,2.5
1013,2018-09-25,1.5,1.75,-0.1,2.5
1014,2018-09-26,1.5,1.75,-0.1,2.5
1015,2018-09-27,1.5,2.0,-0.1,2.5
1016,2018-09-28,1.5,2.0,-0.1,2.5
1017,2018-09-29,1.5,2.0,-0.1,2.5
1018,2018-09-30,1.5,2.0,-0.1,2.5
1019,2018-10-01,1.5,2.0,-0.1,2.5
1020,2018-10-02,1.5,2.0,-0.1,2.5
1021,2018-10-03,1.5,2.0,-0.1,2.5
1022,2018-10-04,1.5,2.0,-0.1,2.5
1023,2018-10-05,1.5,2.0,-0.1,2.5
1024,2018-10-06,1.5,2.0,-0.1,2.5
1025,2018-10-07,1.5,2.0,-0.1,2.5
1026,2018-10-08,1.5,2.0,-0.1,2.5
1027,2018-10-09,1.5,2.0,-0.1,2.5
1028,2018-10-10,1.5,2.0,-0.1,2.5
1029,2018-10-11,1.5,2.0,-0.1,2.5
1030,2018-10-12,1.5,2.0,-0.1,2.5
1031,2018-10-13,1.5,2.0,-0.1,2.5
1032,2018-10-14,1.5,2.0,-0.1,2.5
1033,2018-10-15,1.5,2.0,-0.1,2.5
1034,2018-10-16,1.5,2.0,-0.1,2.5
1035,2018-10-17,1.5,2.0,-0.1,2.5
1036,2018-10-18,1.5,2.0,-0.1,2.5
1037,2018-10-19,1.5,2.0,-0.1,2.5
1038,2018-10-20,1.5,2.0,-0.1,2.5
1039,2018-10-21,1.5,2.0,-0.1,2.5
1040,2018-10-22,1.5,2.0,-0.1,2.5
1041,2018-10-23,1.5,2.0,-0.1,2.5
1042,2018-10-24,1.5,2.0,-0.1,2.5
1043,2018-10-25,1.5,2.0,-0.1,2.5
1044,2018-10-26,1.5,2.0,-0.1,2.5
1045,2018-10-27,1.5,2.0,-0.1,2.5
1046,2018-10-28,1.5,2.0,-0.1,2.5
1047,2018-10-29,1.5,2.0,-0.1,2.5
1048,2018-10-30,1.5,2.0,-0.1,2.5
1049,2018-10-31,1.5,2.0,-0.1,2.5
1050,2018-11-01,1.5,2.0,-0.1,2.5
1051,2018-11-02,1.5,2.0,-0.1,2.5
1052,2018-11-03,1.5,2.0,-0.1,2.5
1053,2018-11-04,1.5,2.0,-0.1,2.5
1054,2018-11-05,1.5,2.0,-0.1,2.5
1055,2018-11-06,1.5,2.0,-0.1,2.5
1056,2018-11-07,1.5,2.0,-0.1,2.5
1057,2018-11-08,1.5,2.0,-0.1,2.5
1058,2018-11-09,1.5,2.0,-0.1,2.5
1059,2018-11-10,1.5,2.0,-0.1,2.5
1060,2018-11-11,1.5,2.0,-0.1,2.5
1061,2018-11-12,1.5,2.0,-0.1,2.5
1062,2018-11-13,1.5,2.0,-0.1,2.5
1063,2018-11-14,1.5,2.0,-0.1,2.5
1064,2018-11-15,1.5,2.0,-0.1,2.5
1065,2018-11-16,1.5,2.0,-0.1,2.5
1066,2018-11-17,1.5,2.0,-0.1,2.5
1067,2018-11-18,1.5,2.0,-0.1,2.5
1068,2018-11-19,1.5,2.0,-0.1,2.5
1069,2018-11-20,1.5,2.0,-0.1,2.5
1070,2018-11-21,1.5,2.0,-0.1,2.5
1071,2018-11-22,1.5,2.0,-0.1,2.5
1072,2018-11-23,1.5,2.0,-0.1,2.5
1073,2018-11-24,1.5,2.0,-0.1,2.5
1074,2018-11-25,1.5,2.0,-0.1,2.5
1075,2018-11-26,1.5,2.0,-0.1,2.5
1076,2018-11-27,1.5,2.0,-0.1,2.5
1077,2018-11-28,1.5,2.0,-0.1,2.5
1078,2018-11-29,1.5,2.0,-0.1,2.5
1079,2018-11-30,1.5,2.0,-0.1,2.5
1080,2018-12-01,1.5,2.0,-0.1,2.75
1081,2018-12-02,1.5,2.0,-0.1,2.75
1082,2018-12-03,1.5,2.0,-0.1,2.75
1083,2018-12-04,1.5,2.0,-0.1,2.75
1084,2018-12-05,1.5,2.0,-0.1,2.75
1085,2018-12-06,1.5,2.0,-0.1,2.75
1086,2018-12-07,1.5,2.0,-0.1,2.75
1087,2018-12-08,1.5,2.0,-0.1,2.75
1088,2018-12-09,1.5,2.0,-0.1,2.75
1089,2018-12-10,1.5,2.0,-0.1,2.75
1090,2018-12-11,1.5,2.0,-0.1,2.75
1091,2018-12-12,1.5,2.0,-0.1,2.75
1092,2018-12-13,1.5,2.0,-0.1,2.75
1093,2018-12-14,1.5,2.0,-0.1,2.75
1094,2018-12-15,1.5,2.0,-0.1,2.75
1095,2018-12-16,1.5,2.0,-0.1,2.75
1096,2018-12-17,1.5,2.0,-0.1,2.75
1097,2018-12-18,1.5,2.0,-0.1,2.75
1098,2018-12-19,1.5,2.0,-0.1,2.75
1099,2018-12-20,1.5,2.25,-0.1,2.75
1100,2018-12-21,1.5,2.25,-0.1,2.75
1101,2018-12-22,1.5,2.25,-0.1,2.75
1102,2018-12-23,1.5,2.25,-0.1,2.75
1103,2018-12-24,1.5,2.25,-0.1,2.75
1104,2018-12-25,1.5,2.25,-0.1,2.75
1105,2018-12-26,1.5,2.25,-0.1,2.75
1106,2018-12-27,1.5,2.25,-0.1,2.75
1107,2018-12-28,1.5,2.25,-0.1,2.75
1108,2018-12-29,1.5,2.25,-0.1,2.75
1109,2018-12-30,1.5,2.25,-0.1,2.75
1110,2018-12-31,1.5,2.25,-0.1,2.75
1111,2019-01-01,1.5,2.25,-0.1,2.75
1112,2019-01-02,1.5,2.25,-0.1,2.75
1113,2019-01-03,1.5,2.25,-0.1,2.75
1114,2019-01-04,1.5,2.25,-0.1,2.75
1115,2019-01-05,1.5,2.25,-0.1,2.75
1116,2019-01-06,1.5,2.25,-0.1,2.75
1117,2019-01-07,1.5,2.25,-0.1,2.75
1118,2019-01-08,1.5,2.25,-0.1,2.75
1119,2019-01-09,1.5,2.25,-0.1,2.75
1120,2019-01-10,1.5,2.25,-0.1,2.75
1121,2019-01-11,1.5,2.25,-0.1,2.75
1122,2019-01-12,1.5,2.25,-0.1,2.75
1123,2019-01-13,1.5,2.25,-0.1,2.75
1124,2019-01-14,1.5,2.25,-0.1,2.75
1125,2019-01-15,1.5,2.25,-0.1,2.75
1126,2019-01-16,1.5,2.25,-0.1,2.75
1127,2019-01-17,1.5,2.25,-0.1,2.75
1128,2019-01-18,1.5,2.25,-0.1,2.75
1129,2019-01-19,1.5,2.25,-0.1,2.75
1130,2019-01-20,1.5,2.25,-0.1,2.75
1131,2019-01-21,1.5,2.25,-0.1,2.75
1132,2019-01-22,1.5,2.25,-0.1,2.75
1133,2019-01-23,1.5,2.25,-0.1,2.75
1134,2019-01-24,1.5,2.25,-0.1,2.75
1135,2019-01-25,1.5,2.25,-0.1,2.75
1136,2019-01-26,1.5,2.25,-0.1,2.75
1137,2019-01-27,1.5,2.25,-0.1,2.75
1138,2019-01-28,1.5,2.25,-0.1,2.75
1139,2019-01-29,1.5,2.25,-0.1,2.75
1140,2019-01-30,1.5,2.25,-0.1,2.75
1141,2019-01-31,1.5,2.25,-0.1,2.75
1142,2019-02-01,1.5,2.25,-0.1,2.75
1143,2019-02-02,1.5,2.25,-0.1,2.75
1144,2019-02-03,1.5,2.25,-0.1,2.75
1145,2019-02-04,1.5,2.25,-0.1,2.75
1146,2019-02-05,1.5,2.25,-0.1,2.75
1147,2019-02-06,1.5,2.25,-0.1,2.75
1148,2019-02-07,1.5,2.25,-0.1,2.75
1149,2019-02-08,1.5,2.25,-0.1,2.75
1150,2019-02-09,1.5,2.25,-0.1,2.75
1151,2019-02-10,1.5,2.25,-0.1,2.75
1152,2019-02-11,1.5,2.25,-0.1,2.75
1153,2019-02-12,1.5,2.25,-0.1,2.75
1154,2019-02-13,1.5,2.25,-0.1,2.75
1155,2019-02-14,1.5,2.25,-0.1,2.75
1156,2019-02-15,1.5,2.25,-0.1,2.75
1157,2019-02-16,1.5,2.25,-0.1,2.75
1158,2019-02-17,1.5,2.25,-0.1,2.75
1159,2019-02-18,1.5,2.25,-0.1,2.75
1160,2019-02-19,1.5,2.25,-0.1,2.75
1161,2019-02-20,1.5,2.25,-0.1,2.75
1162,2019-02-21,1.5,2.25,-0.1,2.75
1163,2019-02-22,1.5,2.25,-0.1,2.75
1164,2019-02-23,1.5,2.25,-0.1,2.75
1165,2019-02-24,1.5,2.25,-0.1,2.75
1166,2019-02-25,1.5,2.25,-0.1,2.75
1167,2019-02-26,1.5,2.25,-0.1,2.75
1168,2019-02-27,1.5,2.25,-0.1,2.75
1169,2019-02-28,1.5,2.25,-0.1,2.75
1170,2019-03-01,1.5,2.25,-0.1,2.75
1171,2019-03-02,1.5,2.25,-0.1,2.75
1172,2019-03-03,1.5,2.25,-0.1,2.75
1173,2019-03-04,1.5,2.25,-0.1,2.75
1174,2019-03-05,1.5,2.25,-0.1,2.75
1175,2019-03-06,1.5,2.25,-0.1,2.75
1176,2019-03-07,1.5,2.25,-0.1,2.75
1177,2019-03-08,1.5,2.25,-0.1,2.75
1178,2019-03-09,1.5,2.25,-0.1,2.75
1179,2019-03-10,1.5,2.25,-0.1,2.75
1180,2019-03-11,1.5,2.25,-0.1,2.75
1181,2019-03-12,1.5,2.25,-0.1,2.75
1182,2019-03-13,1.5,2.25,-0.1,2.75
1183,2019-03-14,1.5,2.25,-0.1,2.75
1184,2019-03-15,1.5,2.25,-0.1,2.75
1185,2019-03-16,1.5,2.25,-0.1,2.75
1186,2019-03-17,1.5,2.25,-0.1,2.75
1187,2019-03-18,1.5,2.25,-0.1,2.75
1188,2019-03-19,1.5,2.25,-0.1,2.75
1189,2019-03-20,1.5,2.25,-0.1,2.75
1190,2019-03-21,1.5,2.25,-0.1,2.75
1191,2019-03-22,1.5,2.25,-0.1,2.75
1192,2019-03-23,1.5,2.25,-0.1,2.75
1193,2019-03-24,1.5,2.25,-0.1,2.75
1194,2019-03-25,1.5,2.25,-0.1,2.75
1195,2019-03-26,1.5,2.25,-0.1,2.75
1196,2019-03-27,1.5,2.25,-0.1,2.75
1197,2019-03-28,1.5,2.25,-0.1,2.75
1198,2019-03-29,1.5,2.25,-0.1,2.75
1199,2019-03-30,1.5,2.25,-0.1,2.75
1200,2019-03-31,1.5,2.25,-0.1,2.75
1201,2019-04-01,1.5,2.25,-0.1,2.75
1202,2019-04-02,1.5,2.25,-0.1,2.75
1203,2019-04-03,1.5,2.25,-0.1,2.75
1204,2019-04-04,1.5,2.25,-0.1,2.75
1205,2019-04-05,1.5,2.25,-0.1,2.75
1206,2019-04-06,1.5,2.25,-0.1,2.75
1207,2019-04-07,1.5,2.25,-0.1,2.75
1208,2019-04-08,1.5,2.25,-0.1,2.75
1209,2019-04-09,1.5,2.25,-0.1,2.75
1210,2019-04-10,1.5,2.25,-0.1,2.75
1211,2019-04-11,1.5,2.25,-0.1,2.75
1212,2019-04-12,1.5,2.25,-0.1,2.75
1213,2019-04-13,1.5,2.25,-0.1,2.75
1214,2019-04-14,1.5,2.25,-0.1,2.75
1215,2019-04-15,1.5,2.25,-0.1,2.75
1216,2019-04-16,1.5,2.25,-0.1,2.75
1217,2019-04-17,1.5,2.25,-0.1,2.75
1218,2019-04-18,1.5,2.25,-0.1,2.75
1219,2019-04-19,1.5,2.25,-0.1,2.75
1220,2019-04-20,1.5,2.25,-0.1,2.75
1221,2019-04-21,1.5,2.25,-0.1,2.75
1222,2019-04-22,1.5,2.25,-0.1,2.75
1223,2019-04-23,1.5,2.25,-0.1,2.75
1224,2019-04-24,1.5,2.25,-0.1,2.75
1225,2019-04-25,1.5,2.25,-0.1,2.75
1226,2019-04-26,1.5,2.25,-0.1,2.75
1227,2019-04-27,1.5,2.25,-0.1,2.75
1228,2019-04-28,1.5,2.25,-0.1,2.75
1229,2019-04-29,1.5,2.25,-0.1,2.75
1230,2019-04-30,1.5,2.25,-0.1,2.75
1231,2019-05-01,1.5,2.25,-0.1,2.75
1232,2019-05-02,1.5,2.25,-0.1,2.75
1233,2019-05-03,1.5,2.25,-0.1,2.75
1234,2019-05-04,1.5,2.25,-0.1,2.75
1235,2019-05-05,1.5,2.25,-0.1,2.75
1236,2019-05-06,1.5,2.25,-0.1,2.75
1237,2019-05-07,1.5,2.25,-0.1,2.75
1238,2019-05-08,1.5,2.25,-0.1,2.75
1239,2019-05-09,1.5,2.25,-0.1,2.75
1240,2019-05-10,1.5,2.25,-0.1,2.75
1241,2019-05-11,1.5,2.25,-0.1,2.75
1242,2019-05-12,1.5,2.25,-0.1,2.75
1243,2019-05-13,1.5,2.25,-0.1,2.75
1244,2019-05-14,1.5,2.25,-0.1,2.75
1245,2019-05-15,1.5,2.25,-0.1,2.75
1246,2019-05-16,1.5,2.25,-0.1,2.75
1247,2019-05-17,1.5,2.25,-0.1,2.75
1248,2019-05-18,1.5,2.25,-0.1,2.75
1249,2019-05-19,1.5,2.25,-0.1,2.75
1250,2019-05-20,1.5,2.25,-0.1,2.75
1251,2019-05-21,1.5,2.25,-0.1,2.75
1252,2019-05-22,1.5,2.25,-0.1,2.75
1253,2019-05-23,1.5,2.25,-0.1,2.75
1254,2019-05-24,1.5,2.25,-0.1,2.75
1255,2019-05-25,1.5,2.25,-0.1,2.75
1256,2019-05-26,1.5,2.25,-0.1,2.75
1257,2019-05-27,1.5,2.25,-0.1,2.75
1258,2019-05-28,1.5,2.25,-0.1,2.75
1259,2019-05-29,1.5,2.25,-0.1,2.75
1260,2019-05-30,1.5,2.25,-0.1,2.75
1261,2019-05-31,1.5,2.25,-0.1,2.75
1262,2019-06-01,1.5,2.25,-0.1,2.75
1263,2019-06-02,1.5,2.25,-0.1,2.75
1264,2019-06-03,1.5,2.25,-0.1,2.75
1265,2019-06-04,1.5,2.25,-0.1,2.75
1266,2019-06-05,1.25,2.25,-0.1,2.75
1267,2019-06-06,1.25,2.25,-0.1,2.75
1268,2019-06-07,1.25,2.25,-0.1,2.75
1269,2019-06-08,1.25,2.25,-0.1,2.75
1270,2019-06-09,1.25,2.25,-0.1,2.75
1271,2019-06-10,1.25,2.25,-0.1,2.75
1272,2019-06-11,1.25,2.25,-0.1,2.75
1273,2019-06-12,1.25,2.25,-0.1,2.75
1274,2019-06-13,1.25,2.25,-0.1,2.75
1275,2019-06-14,1.25,2.25,-0.1,2.75
1276,2019-06-15,1.25,2.25,-0.1,2.75
1277,2019-06-16,1.25,2.25,-0.1,2.75
1278,2019-06-17,1.25,2.25,-0.1,2.75
1279,2019-06-18,1.25,2.25,-0.1,2.75
1280,2019-06-19,1.25,2.25,-0.1,2.75
1281,2019-06-20,1.25,2.25,-0.1,2.75
1282,2019-06-21,1.25,2.25,-0.1,2.75
1283,2019-06-22,1.25,2.25,-0.1,2.75
1284,2019-06-23,1.25,2.25,-0.1,2.75
1285,2019-06-24,1.25,2.25,-0.1,2.75
1286,2019-06-25,1.25,2.25,-0.1,2.75
1287,2019-06-26,1.25,2.25,-0.1,2.75
1288,2019-06-27,1.25,2.25,-0.1,2.75
1289,2019-06-28,1.25,2.25,-0.1,2.75
1290,2019-06-29,1.25,2.25,-0.1,2.75
1291,2019-06-30,1.25,2.25,-0.1,2.75
1292,2019-07-01,1.25,2.25,-0.1,2.75
1293,2019-07-02,1.25,2.25,-0.1,2.75
1294,2019-07-03,1.0,2.25,-0.1,2.75
1295,2019-07-04,1.0,2.25,-0.1,2.75
1296,2019-07-05,1.0,2.25,-0.1,2.75
1297,2019-07-06,1.0,2.25,-0.1,2.75
1298,2019-07-07,1.0,2.25,-0.1,2.75
1299,2019-07-08,1.0,2.25,-0.1,2.75
1300,2019-07-09,1.0,2.25,-0.1,2.75
1301,2019-07-10,1.0,2.25,-0.1,2.75
1302,2019-07-11,1.0,2.25,-0.1,2.75
1303,2019-07-12,1.0,2.25,-0.1,2.75
1304,2019-07-13,1.0,2.25,-0.1,2.75
1305,2019-07-14,1.0,2.25,-0.1,2.75
1306,2019-07-15,1.0,2.25,-0.1,2.75
1307,2019-07-16,1.0,2.25,-0.1,2.75
1308,2019-07-17,1.0,2.25,-0.1,2.75
1309,2019-07-18,1.0,2.25,-0.1,2.75
1310,2019-07-19,1.0,2.25,-0.1,2.75
1311,2019-07-20,1.0,2.25,-0.1,2.75
1312,2019-07-21,1.0,2.25,-0.1,2.75
1313,2019-07-22,1.0,2.25,-0.1,2.75
1314,2019-07-23,1.0,2.25,-0.1,2.75
1315,2019-07-24,1.0,2.25,-0.1,2.75
1316,2019-07-25,1.0,2.25,-0.1,2.75
1317,2019-07-26,1.0,2.25,-0.1,2.75
1318,2019-07-27,1.0,2.25,-0.1,2.75
1319,2019-07-28,1.0,2.25,-0.1,2.75
1320,2019-07-29,1.0,2.25,-0.1,2.75
1321,2019-07-30,1.0,2.25,-0.1,2.75
1322,2019-07-31,1.0,2.25,-0.1,2.75
1323,2019-08-01,1.0,2.0,-0.1,2.5
1324,2019-08-02,1.0,2.0,-0.1,2.5
1325,2019-08-03,1.0,2.0,-0.1,2.5
1326,2019-08-04,1.0,2.0,-0.1,2.5
1327,2019-08-05,1.0,2.0,-0.1,2.5
1328,2019-08-06,1.0,2.0,-0.1,2.5
1329,2019-08-07,1.0,2.0,-0.1,2.5
1330,2019-08-08,1.0,2.0,-0.1,2.5
1331,2019-08-09,1.0,2.0,-0.1,2.5
1332,2019-08-10,1.0,2.0,-0.1,2.5
1333,2019-08-11,1.0,2.0,-0.1,2.5
1334,2019-08-12,1.0,2.0,-0.1,2.5
1335,2019-08-13,1.0,2.0,-0.1,2.5
1336,2019-08-14,1.0,2.0,-0.1,2.5
1337,2019-08-15,1.0,2.0,-0.1,2.5
1338,2019-08-16,1.0,2.0,-0.1,2.5
1339,2019-08-17,1.0,2.0,-0.1,2.5
1340,2019-08-18,1.0,2.0,-0.1,2.5
1341,2019-08-19,1.0,2.0,-0.1,2.5
1342,2019-08-20,1.0,2.0,-0.1,2.5
1343,2019-08-21,1.0,2.0,-0.1,2.5
1344,2019-08-22,1.0,2.0,-0.1,2.5
1345,2019-08-23,1.0,2.0,-0.1,2.5
1346,2019-08-24,1.0,2.0,-0.1,2.5
1347,2019-08-25,1.0,2.0,-0.1,2.5
1348,2019-08-26,1.0,2.0,-0.1,2.5
1349,2019-08-27,1.0,2.0,-0.1,2.5
1350,2019-08-28,1.0,2.0,-0.1,2.5
1351,2019-08-29,1.0,2.0,-0.1,2.5
1352,2019-08-30,1.0,2.0,-0.1,2.5
1353,2019-08-31,1.0,2.0,-0.1,2.5
1354,2019-09-01,1.0,2.0,-0.1,2.5
1355,2019-09-02,1.0,2.0,-0.1,2.5
1356,2019-09-03,1.0,2.0,-0.1,2.5
1357,2019-09-04,1.0,2.0,-0.1,2.5
1358,2019-09-05,1.0,2.0,-0.1,2.5
1359,2019-09-06,1.0,2.0,-0.1,2.5
1360,2019-09-07,1.0,2.0,-0.1,2.5
1361,2019-09-08,1.0,2.0,-0.1,2.5
1362,2019-09-09,1.0,2.0,-0.1,2.5
1363,2019-09-10,1.0,2.0,-0.1,2.5
1364,2019-09-11,1.0,2.0,-0.1,2.5
1365,2019-09-12,1.0,2.0,-0.1,2.5
1366,2019-09-13,1.0,2.0,-0.1,2.5
1367,2019-09-14,1.0,2.0,-0.1,2.5
1368,2019-09-15,1.0,2.0,-0.1,2.5
1369,2019-09-16,1.0,2.0,-0.1,2.5
1370,2019-09-17,1.0,2.0,-0.1,2.5
1371,2019-09-18,1.0,2.0,-0.1,2.5
1372,2019-09-19,1.0,1.75,-0.1,2.25
1373,2019-09-20,1.0,1.75,-0.1,2.25
1374,2019-09-21,1.0,1.75,-0.1,2.25
1375,2019-09-22,1.0,1.75,-0.1,2.25
1376,2019-09-23,1.0,1.75,-0.1,2.25
1377,2019-09-24,1.0,1.75,-0.1,2.25
1378,2019-09-25,1.0,1.75,-0.1,2.25
1379,2019-09-26,1.0,1.75,-0.1,2.25
1380,2019-09-27,1.0,1.75,-0.1,2.25
1381,2019-09-28,1.0,1.75,-0.1,2.25
1382,2019-09-29,1.0,1.75,-0.1,2.25
1383,2019-09-30,1.0,1.75,-0.1,2.25
1384,2019-10-01,1.0,1.75,-0.1,2.25
1385,2019-10-02,0.75,1.75,-0.1,2.25
1386,2019-10-03,0.75,1.75,-0.1,2.25
1387,2019-10-04,0.75,1.75,-0.1,2.25
1388,2019-10-05,0.75,1.75,-0.1,2.25
1389,2019-10-06,0.75,1.75,-0.1,2.25
1390,2019-10-07,0.75,1.75,-0.1,2.25
1391,2019-10-08,0.75,1.75,-0.1,2.25
1392,2019-10-09,0.75,1.75,-0.1,2.25
1393,2019-10-10,0.75,1.75,-0.1,2.25
1394,2019-10-11,0.75,1.75,-0.1,2.25
1395,2019-10-12,0.75,1.75,-0.1,2.25
1396,2019-10-13,0.75,1.75,-0.1,2.25
1397,2019-10-14,0.75,1.75,-0.1,2.25
1398,2019-10-15,0.75,1.75,-0.1,2.25
1399,2019-10-16,0.75,1.75,-0.1,2.25
1400,2019-10-17,0.75,1.75,-0.1,2.25
1401,2019-10-18,0.75,1.75,-0.1,2.25
1402,2019-10-19,0.75,1.75,-0.1,2.25
1403,2019-10-20,0.75,1.75,-0.1,2.25
1404,2019-10-21,0.75,1.75,-0.1,2.25
1405,2019-10-22,0.75,1.75,-0.1,2.25
1406,2019-10-23,0.75,1.75,-0.1,2.25
1407,2019-10-24,0.75,1.75,-0.1,2.25
1408,2019-10-25,0.75,1.75,-0.1,2.25
1409,2019-10-26,0.75,1.75,-0.1,2.25
1410,2019-10-27,0.75,1.75,-0.1,2.25
1411,2019-10-28,0.75,1.75,-0.1,2.25
1412,2019-10-29,0.75,1.75,-0.1,2.25
1413,2019-10-30,0.75,1.75,-0.1,2.25
1414,2019-10-31,0.75,1.5,-0.1,2.0
1415,2019-11-01,0.75,1.5,-0.1,2.0
1416,2019-11-02,0.75,1.5,-0.1,2.0
1417,2019-11-03,0.75,1.5,-0.1,2.0
1418,2019-11-04,0.75,1.5,-0.1,2.0
1419,2019-11-05,0.75,1.5,-0.1,2.0
1420,2019-11-06,0.75,1.5,-0.1,2.0
1421,2019-11-07,0.75,1.5,-0.1,2.0
1422,2019-11-08,0.75,1.5,-0.1,2.0
1423,2019-11-09,0.75,1.5,-0.1,2.0
1424,2019-11-10,0.75,1.5,-0.1,2.0
1425,2019-11-11,0.75,1.5,-0.1,2.0
1426,2019-11-12,0.75,1.5,-0.1,2.0
1427,2019-11-13,0.75,1.5,-0.1,2.0
1428,2019-11-14,0.75,1.5,-0.1,2.0
1429,2019-11-15,0.75,1.5,-0.1,2.0
1430,2019-11-16,0.75,1.5,-0.1,2.0
1431,2019-11-17,0.75,1.5,-0.1,2.0
1432,2019-11-18,0.75,1.5,-0.1,2.0
1433,2019-11-19,0.75,1.5,-0.1,2.0
1434,2019-11-20,0.75,1.5,-0.1,2.0
1435,2019-11-21,0.75,1.5,-0.1,2.0
1436,2019-11-22,0.75,1.5,-0.1,2.0
1437,2019-11-23,0.75,1.5,-0.1,2.0
1438,2019-11-24,0.75,1.5,-0.1,2.0
1439,2019-11-25,0.75,1.5,-0.1,2.0
1440,2019-11-26,0.75,1.5,-0.1,2.0
1441,2019-11-27,0.75,1.5,-0.1,2.0
1442,2019-11-28,0.75,1.5,-0.1,2.0
1443,2019-11-29,0.75,1.5,-0.1,2.0
1444,2019-11-30,0.75,1.5,-0.1,2.0
1445,2019-12-01,0.75,1.5,-0.1,2.0
1446,2019-12-02,0.75,1.5,-0.1,2.0
1447,2019-12-03,0.75,1.5,-0.1,2.0
1448,2019-12-04,0.75,1.5,-0.1,2.0
1449,2019-12-05,0.75,1.5,-0.1,2.0
1450,2019-12-06,0.75,1.5,-0.1,2.0
1451,2019-12-07,0.75,1.5,-0.1,2.0
1452,2019-12-08,0.75,1.5,-0.1,2.0
1453,2019-12-09,0.75,1.5,-0.1,2.0
1454,2019-12-10,0.75,1.5,-0.1,2.0
1455,2019-12-11,0.75,1.5,-0.1,2.0
1456,2019-12-12,0.75,1.5,-0.1,2.0
1457,2019-12-13,0.75,1.5,-0.1,2.0
1458,2019-12-14,0.75,1.5,-0.1,2.0
1459,2019-12-15,0.75,1.5,-0.1,2.0
1460,2019-12-16,0.75,1.5,-0.1,2.0
1461,2019-12-17,0.75,1.5,-0.1,2.0
1462,2019-12-18,0.75,1.5,-0.1,2.0
1463,2019-12-19,0.75,1.5,-0.1,2.0
1464,2019-12-20,0.75,1.5,-0.1,2.0
1465,2019-12-21,0.75,1.5,-0.1,2.0
1466,2019-12-22,0.75,1.5,-0.1,2.0
1467,2019-12-23,0.75,1.5,-0.1,2.0
1468,2019-12-24,0.75,1.5,-0.1,2.0
1469,2019-12-25,0.75,1.5,-0.1,2.0
1470,2019-12-26,0.75,1.5,-0.1,2.0
1471,2019-12-27,0.75,1.5,-0.1,2.0
1472,2019-12-28,0.75,1.5,-0.1,2.0
1473,2019-12-29,0.75,1.5,-0.1,2.0
1474,2019-12-30,0.75,1.5,-0.1,2.0
1475,2019-12-31,0.75,1.5,-0.1,2.0
1476,2020-01-01,0.75,1.5,-0.1,2.0
1477,2020-01-02,0.75,1.5,-0.1,2.0
1478,2020-01-03,0.75,1.5,-0.1,2.0
1479,2020-01-04,0.75,1.5,-0.1,2.0
1480,2020-01-05,0.75,1.5,-0.1,2.0
1481,2020-01-06,0.75,1.5,-0.1,2.0
1482,2020-01-07,0.75,1.5,-0.1,2.0
1483,2020-01-08,0.75,1.5,-0.1,2.0
1484,2020-01-09,0.75,1.5,-0.1,2.0
1485,2020-01-10,0.75,1.5,-0.1,2.0
1486,2020-01-11,0.75,1.5,-0.1,2.0
1487,2020-01-12,0.75,1.5,-0.1,2.0
1488,2020-01-13,0.75,1.5,-0.1,2.0
1489,2020-01-14,0.75,1.5,-0.1,2.0
1490,2020-01-15,0.75,1.5,-0.1,2.0
1491,2020-01-16,0.75,1.5,-0.1,2.0
1492,2020-01-17,0.75,1.5,-0.1,2.0
1493,2020-01-18,0.75,1.5,-0.1,2.0
1494,2020-01-19,0.75,1.5,-0.1,2.0
1495,2020-01-20,0.75,1.5,-0.1,2.0
1496,2020-01-21,0.75,1.5,-0.1,2.0
1497,2020-01-22,0.75,1.5,-0.1,2.0
1498,2020-01-23,0.75,1.5,-0.1,2.0
1499,2020-01-24,0.75,1.5,-0.1,2.0
1500,2020-01-25,0.75,1.5,-0.1,2.0
1501,2020-01-26,0.75,1.5,-0.1,2.0
1502,2020-01-27,0.75,1.5,-0.1,2.0
1503,2020-01-28,0.75,1.5,-0.1,2.0
1504,2020-01-29,0.75,1.5,-0.1,2.0
1505,2020-01-30,0.75,1.5,-0.1,2.0
1506,2020-01-31,0.75,1.5,-0.1,2.0
1507,2020-02-01,0.75,1.5,-0.1,2.0
1508,2020-02-02,0.75,1.5,-0.1,2.0
1509,2020-02-03,0.75,1.5,-0.1,2.0
1510,2020-02-04,0.75,1.5,-0.1,2.0
1511,2020-02-05,0.75,1.5,-0.1,2.0
1512,2020-02-06,0.75,1.5,-0.1,2.0
1513,2020-02-07,0.75,1.5,-0.1,2.0
1514,2020-02-08,0.75,1.5,-0.1,2.0
1515,2020-02-09,0.75,1.5,-0.1,2.0
1516,2020-02-10,0.75,1.5,-0.1,2.0
1517,2020-02-11,0.75,1.5,-0.1,2.0
1518,2020-02-12,0.75,1.5,-0.1,2.0
1519,2020-02-13,0.75,1.5,-0.1,2.0
1520,2020-02-14,0.75,1.5,-0.1,2.0
1521,2020-02-15,0.75,1.5,-0.1,2.0
1522,2020-02-16,0.75,1.5,-0.1,2.0
1523,2020-02-17,0.75,1.5,-0.1,2.0
1524,2020-02-18,0.75,1.5,-0.1,2.0
1525,2020-02-19,0.75,1.5,-0.1,2.0
1526,2020-02-20,0.75,1.5,-0.1,2.0
1527,2020-02-21,0.75,1.5,-0.1,2.0
1528,2020-02-22,0.75,1.5,-0.1,2.0
1529,2020-02-23,0.75,1.5,-0.1,2.0
1530,2020-02-24,0.75,1.5,-0.1,2.0
1531,2020-02-25,0.75,1.5,-0.1,2.0
1532,2020-02-26,0.75,1.5,-0.1,2.0
1533,2020-02-27,0.75,1.5,-0.1,2.0
1534,2020-02-28,0.75,1.5,-0.1,2.0
1535,2020-02-29,0.75,1.5,-0.1,2.0
1536,2020-03-01,0.75,1.5,-0.1,2.0
1537,2020-03-02,0.75,1.5,-0.1,2.0
1538,2020-03-03,0.75,1.5,-0.1,2.0
1539,2020-03-04,0.5,1.0,-0.1,1.5
1540,2020-03-05,0.5,1.0,-0.1,1.5
1541,2020-03-06,0.5,1.0,-0.1,1.5
1542,2020-03-07,0.5,1.0,-0.1,1.5
1543,2020-03-08,0.5,1.0,-0.1,1.5
1544,2020-03-09,0.5,1.0,-0.1,1.5
1545,2020-03-10,0.5,1.0,-0.1,1.5
1546,2020-03-11,0.5,1.0,-0.1,1.5
1547,2020-03-12,0.5,1.0,-0.1,1.5
1548,2020-03-13,0.5,1.0,-0.1,1.5
1549,2020-03-14,0.5,1.0,-0.1,1.5
1550,2020-03-15,0.5,1.0,-0.1,1.5
1551,2020-03-16,0.5,0.0,-0.1,0.86
1552,2020-03-17,0.5,0.0,-0.1,0.86
1553,2020-03-18,0.5,0.0,-0.1,0.86
1554,2020-03-19,0.5,0.0,-0.1,0.86
1555,2020-03-20,0.25,0.0,-0.1,0.86
1556,2020-03-21,0.25,0.0,-0.1,0.86
1557,2020-03-22,0.25,0.0,-0.1,0.86
1558,2020-03-23,0.25,0.0,-0.1,0.86
1559,2020-03-24,0.25,0.0,-0.1,0.86
1560,2020-03-25,0.25,0.0,-0.1,0.86
1561,2020-03-26,0.25,0.0,-0.1,0.86
1562,2020-03-27,0.25,0.0,-0.1,0.86
1563,2020-03-28,0.25,0.0,-0.1,0.86
1564,2020-03-29,0.25,0.0,-0.1,0.86
1565,2020-03-30,0.25,0.0,-0.1,0.86
1566,2020-03-31,0.25,0.0,-0.1,0.86
1567,2020-04-01,0.25,0.0,-0.1,0.86
1568,2020-04-02,0.25,0.0,-0.1,0.86
1569,2020-04-03,0.25,0.0,-0.1,0.86
1570,2020-04-04,0.25,0.0,-0.1,0.86
1571,2020-04-05,0.25,0.0,-0.1,0.86
1572,2020-04-06,0.25,0.0,-0.1,0.86
1573,2020-04-07,0.25,0.0,-0.1,0.86
1574,2020-04-08,0.25,0.0,-0.1,0.86
1575,2020-04-09,0.25,0.0,-0.1,0.86
1576,2020-04-10,0.25,0.0,-0.1,0.86
1577,2020-04-11,0.25,0.0,-0.1,0.86
1578,2020-04-12,0.25,0.0,-0.1,0.86
1579,2020-04-13,0.25,0.0,-0.1,0.86
1580,2020-04-14,0.25,0.0,-0.1,0.86
1581,2020-04-15,0.25,0.0,-0.1,0.86
1582,2020-04-16,0.25,0.0,-0.1,0.86
1583,2020-04-17,0.25,0.0,-0.1,0.86
1584,2020-04-18,0.25,0.0,-0.1,0.86
1585,2020-04-19,0.25,0.0,-0.1,0.86
1586,2020-04-20,0.25,0.0,-0.1,0.86
1587,2020-04-21,0.25,0.0,-0.1,0.86
1588,2020-04-22,0.25,0.0,-0.1,0.86
1589,2020-04-23,0.25,0.0,-0.1,0.86
1590,2020-04-24,0.25,0.0,-0.1,0.86
1591,2020-04-25,0.25,0.0,-0.1,0.86
1592,2020-04-26,0.25,0.0,-0.1,0.86
1593,2020-04-27,0.25,0.0,-0.1,0.86
1594,2020-04-28,0.25,0.0,-0.1,0.86
1595,2020-04-29,0.25,0.0,-0.1,0.86
1596,2020-04-30,0.25,0.0,-0.1,0.86
1597,2020-05-01,0.25,0.0,-0.1,0.86
1598,2020-05-02,0.25,0.0,-0.1,0.86
1599,2020-05-03,0.25,0.0,-0.1,0.86
1600,2020-05-04,0.25,0.0,-0.1,0.86
1601,2020-05-05,0.25,0.0,-0.1,0.86
1602,2020-05-06,0.25,0.0,-0.1,0.86
1603,2020-05-07,0.25,0.0,-0.1,0.86
1604,2020-05-08,0.25,0.0,-0.1,0.86
1605,2020-05-09,0.25,0.0,-0.1,0.86
1606,2020-05-10,0.25,0.0,-0.1,0.86
1607,2020-05-11,0.25,0.0,-0.1,0.86
1608,2020-05-12,0.25,0.0,-0.1,0.86
1609,2020-05-13,0.25,0.0,-0.1,0.86
1610,2020-05-14,0.25,0.0,-0.1,0.86
1611,2020-05-15,0.25,0.0,-0.1,0.86
1612,2020-05-16,0.25,0.0,-0.1,0.86
1613,2020-05-17,0.25,0.0,-0.1,0.86
1614,2020-05-18,0.25,0.0,-0.1,0.86
1615,2020-05-19,0.25,0.0,-0.1,0.86
1616,2020-05-20,0.25,0.0,-0.1,0.86
1617,2020-05-21,0.25,0.0,-0.1,0.86
1618,2020-05-22,0.25,0.0,-0.1,0.86
1619,2020-05-23,0.25,0.0,-0.1,0.86
1620,2020-05-24,0.25,0.0,-0.1,0.86
1621,2020-05-25,0.25,0.0,-0.1,0.86
1622,2020-05-26,0.25,0.0,-0.1,0.86
1623,2020-05-27,0.25,0.0,-0.1,0.86
1624,2020-05-28,0.25,0.0,-0.1,0.86
1625,2020-05-29,0.25,0.0,-0.1,0.86
1626,2020-05-30,0.25,0.0,-0.1,0.86
1627,2020-05-31,0.25,0.0,-0.1,0.86
1628,2020-06-01,0.25,0.0,-0.1,0.86
1629,2020-06-02,0.25,0.0,-0.1,0.86
1630,2020-06-03,0.25,0.0,-0.1,0.86
1631,2020-06-04,0.25,0.0,-0.1,0.86
1632,2020-06-05,0.25,0.0,-0.1,0.86
1633,2020-06-06,0.25,0.0,-0.1,0.86
1634,2020-06-07,0.25,0.0,-0.1,0.86
1635,2020-06-08,0.25,0.0,-0.1,0.86
1636,2020-06-09,0.25,0.0,-0.1,0.86
1637,2020-06-10,0.25,0.0,-0.1,0.86
1638,2020-06-11,0.25,0.0,-0.1,0.86
1639,2020-06-12,0.25,0.0,-0.1,0.86
1640,2020-06-13,0.25,0.0,-0.1,0.86
1641,2020-06-14,0.25,0.0,-0.1,0.86
1642,2020-06-15,0.25,0.0,-0.1,0.86
1643,2020-06-16,0.25,0.0,-0.1,0.86
1644,2020-06-17,0.25,0.0,-0.1,0.86
1645,2020-06-18,0.25,0.0,-0.1,0.86
1646,2020-06-19,0.25,0.0,-0.1,0.86
1647,2020-06-20,0.25,0.0,-0.1,0.86
1648,2020-06-21,0.25,0.0,-0.1,0.86
1649,2020-06-22,0.25,0.0,-0.1,0.86
1650,2020-06-23,0.25,0.0,-0.1,0.86
1651,2020-06-24,0.25,0.0,-0.1,0.86
1652,2020-06-25,0.25,0.0,-0.1,0.86
1653,2020-06-26,0.25,0.0,-0.1,0.86
1654,2020-06-27,0.25,0.0,-0.1,0.86
1655,2020-06-28,0.25,0.0,-0.1,0.86
1656,2020-06-29,0.25,0.0,-0.1,0.86
1657,2020-06-30,0.25,0.0,-0.1,0.86
1658,2020-07-01,0.25,0.0,-0.1,0.86
1659,2020-07-02,0.25,0.0,-0.1,0.86
1660,2020-07-03,0.25,0.0,-0.1,0.86
1661,2020-07-04,0.25,0.0,-0.1,0.86
1662,2020-07-05,0.25,0.0,-0.1,0.86
1663,2020-07-06,0.25,0.0,-0.1,0.86
1664,2020-07-07,0.25,0.0,-0.1,0.86
1665,2020-07-08,0.25,0.0,-0.1,0.86
1666,2020-07-09,0.25,0.0,-0.1,0.86
1667,2020-07-10,0.25,0.0,-0.1,0.86
1668,2020-07-11,0.25,0.0,-0.1,0.86
1669,2020-07-12,0.25,0.0,-0.1,0.86
1670,2020-07-13,0.25,0.0,-0.1,0.86
1671,2020-07-14,0.25,0.0,-0.1,0.86
1672,2020-07-15,0.25,0.0,-0.1,0.86
1673,2020-07-16,0.25,0.0,-0.1,0.86
1674,2020-07-17,0.25,0.0,-0.1,0.86
1675,2020-07-18,0.25,0.0,-0.1,0.86
1676,2020-07-19,0.25,0.0,-0.1,0.86
1677,2020-07-20,0.25,0.0,-0.1,0.86
1678,2020-07-21,0.25,0.0,-0.1,0.86
1679,2020-07-22,0.25,0.0,-0.1,0.86
1680,2020-07-23,0.25,0.0,-0.1,0.86
1681,2020-07-24,0.25,0.0,-0.1,0.86
1682,2020-07-25,0.25,0.0,-0.1,0.86
1683,2020-07-26,0.25,0.0,-0.1,0.86
1684,2020-07-27,0.25,0.0,-0.1,0.86
1685,2020-07-28,0.25,0.0,-0.1,0.86
1686,2020-07-29,0.25,0.0,-0.1,0.86
1687,2020-07-30,0.25,0.0,-0.1,0.86
1688,2020-07-31,0.25,0.0,-0.1,0.86
1689,2020-08-01,0.25,0.0,-0.1,0.86
1690,2020-08-02,0.25,0.0,-0.1,0.86
1691,2020-08-03,0.25,0.0,-0.1,0.86
1692,2020-08-04,0.25,0.0,-0.1,0.86
1693,2020-08-05,0.25,0.0,-0.1,0.86
1694,2020-08-06,0.25,0.0,-0.1,0.86
1695,2020-08-07,0.25,0.0,-0.1,0.86
1696,2020-08-08,0.25,0.0,-0.1,0.86
1697,2020-08-09,0.25,0.0,-0.1,0.86
1698,2020-08-10,0.25,0.0,-0.1,0.86
1699,2020-08-11,0.25,0.0,-0.1,0.86
1700,2020-08-12,0.25,0.0,-0.1,0.86
1701,2020-08-13,0.25,0.0,-0.1,0.86
1702,2020-08-14,0.25,0.0,-0.1,0.86
1703,2020-08-15,0.25,0.0,-0.1,0.86
1704,2020-08-16,0.25,0.0,-0.1,0.86
1705,2020-08-17,0.25,0.0,-0.1,0.86
1706,2020-08-18,0.25,0.0,-0.1,0.86
1707,2020-08-19,0.25,0.0,-0.1,0.86
1708,2020-08-20,0.25,0.0,-0.1,0.86
1709,2020-08-21,0.25,0.0,-0.1,0.86
1710,2020-08-22,0.25,0.0,-0.1,0.86
1711,2020-08-23,0.25,0.0,-0.1,0.86
1712,2020-08-24,0.25,0.0,-0.1,0.86
1713,2020-08-25,0.25,0.0,-0.1,0.86
1714,2020-08-26,0.25,0.0,-0.1,0.86
1715,2020-08-27,0.25,0.0,-0.1,0.86
1716,2020-08-28,0.25,0.0,-0.1,0.86
1717,2020-08-29,0.25,0.0,-0.1,0.86
1718,2020-08-30,0.25,0.0,-0.1,0.86
1719,2020-08-31,0.25,0.0,-0.1,0.86
1720,2020-09-01,0.25,0.0,-0.1,0.86
1721,2020-09-02,0.25,0.0,-0.1,0.86
1722,2020-09-03,0.25,0.0,-0.1,0.86
1723,2020-09-04,0.25,0.0,-0.1,0.86
1724,2020-09-05,0.25,0.0,-0.1,0.86
1725,2020-09-06,0.25,0.0,-0.1,0.86
1726,2020-09-07,0.25,0.0,-0.1,0.86
1727,2020-09-08,0.25,0.0,-0.1,0.86
1728,2020-09-09,0.25,0.0,-0.1,0.86
1729,2020-09-10,0.25,0.0,-0.1,0.86
1730,2020-09-11,0.25,0.0,-0.1,0.86
1731,2020-09-12,0.25,0.0,-0.1,0.86
1732,2020-09-13,0.25,0.0,-0.1,0.86
1733,2020-09-14,0.25,0.0,-0.1,0.86
1734,2020-09-15,0.25,0.0,-0.1,0.86
1735,2020-09-16,0.25,0.0,-0.1,0.86
1736,2020-09-17,0.25,0.0,-0.1,0.86
1737,2020-09-18,0.25,0.0,-0.1,0.86
1738,2020-09-19,0.25,0.0,-0.1,0.86
1739,2020-09-20,0.25,0.0,-0.1,0.86
1740,2020-09-21,0.25,0.0,-0.1,0.86
1741,2020-09-22,0.25,0.0,-0.1,0.86
1742,2020-09-23,0.25,0.0,-0.1,0.86
1743,2020-09-24,0.25,0.0,-0.1,0.86
1744,2020-09-25,0.25,0.0,-0.1,0.86
1745,2020-09-26,0.25,0.0,-0.1,0.86
1746,2020-09-27,0.25,0.0,-0.1,0.86
1747,2020-09-28,0.25,0.0,-0.1,0.86
1748,2020-09-29,0.25,0.0,-0.1,0.86
1749,2020-09-30,0.25,0.0,-0.1,0.86
1750,2020-10-01,0.25,0.0,-0.1,0.86
1751,2020-10-02,0.25,0.0,-0.1,0.86
1752,2020-10-03,0.25,0.0,-0.1,0.86
1753,2020-10-04,0.25,0.0,-0.1,0.86
1754,2020-10-05,0.25,0.0,-0.1,0.86
1755,2020-10-06,0.25,0.0,-0.1,0.86
1756,2020-10-07,0.25,0.0,-0.1,0.86
1757,2020-10-08,0.25,0.0,-0.1,0.86
1758,2020-10-09,0.25,0.0,-0.1,0.86
1759,2020-10-10,0.25,0.0,-0.1,0.86
1760,2020-10-11,0.25,0.0,-0.1,0.86
1761,2020-10-12,0.25,0.0,-0.1,0.86
1762,2020-10-13,0.25,0.0,-0.1,0.86
1763,2020-10-14,0.25,0.0,-0.1,0.86
1764,2020-10-15,0.25,0.0,-0.1,0.86
1765,2020-10-16,0.25,0.0,-0.1,0.86
1766,2020-10-17,0.25,0.0,-0.1,0.86
1767,2020-10-18,0.25,0.0,-0.1,0.86
1768,2020-10-19,0.25,0.0,-0.1,0.86
1769,2020-10-20,0.25,0.0,-0.1,0.86
1770,2020-10-21,0.25,0.0,-0.1,0.86
1771,2020-10-22,0.25,0.0,-0.1,0.86
1772,2020-10-23,0.25,0.0,-0.1,0.86
1773,2020-10-24,0.25,0.0,-0.1,0.86
1774,2020-10-25,0.25,0.0,-0.1,0.86
1775,2020-10-26,0.25,0.0,-0.1,0.86
1776,2020-10-27,0.25,0.0,-0.1,0.86
1777,2020-10-28,0.25,0.0,-0.1,0.86
1778,2020-10-29,0.25,0.0,-0.1,0.86
1779,2020-10-30,0.25,0.0,-0.1,0.86
1780,2020-10-31,0.25,0.0,-0.1,0.86
1781,2020-11-01,0.25,0.0,-0.1,0.86
1782,2020-11-02,0.25,0.0,-0.1,0.86
1783,2020-11-03,0.25,0.0,-0.1,0.86
1784,2020-11-04,0.1,0.0,-0.1,0.86
1785,2020-11-05,0.1,0.0,-0.1,0.86
1786,2020-11-06,0.1,0.0,-0.1,0.86
1787,2020-11-07,0.1,0.0,-0.1,0.86
1788,2020-11-08,0.1,0.0,-0.1,0.86
1789,2020-11-09,0.1,0.0,-0.1,0.86
1790,2020-11-10,0.1,0.0,-0.1,0.86
1791,2020-11-11,0.1,0.0,-0.1,0.86
1792,2020-11-12,0.1,0.0,-0.1,0.86
1793,2020-11-13,0.1,0.0,-0.1,0.86
1794,2020-11-14,0.1,0.0,-0.1,0.86
1795,2020-11-15,0.1,0.0,-0.1,0.86
1796,2020-11-16,0.1,0.0,-0.1,0.86
1797,2020-11-17,0.1,0.0,-0.1,0.86
1798,2020-11-18,0.1,0.0,-0.1,0.86
1799,2020-11-19,0.1,0.0,-0.1,0.86
1800,2020-11-20,0.1,0.0,-0.1,0.86
1801,2020-11-21,0.1,0.0,-0.1,0.86
1802,2020-11-22,0.1,0.0,-0.1,0.86
1803,2020-11-23,0.1,0.0,-0.1,0.86
1804,2020-11-24,0.1,0.0,-0.1,0.86
1805,2020-11-25,0.1,0.0,-0.1,0.86
1806,2020-11-26,0.1,0.0,-0.1,0.86
1807,2020-11-27,0.1,0.0,-0.1,0.86
1808,2020-11-28,0.1,0.0,-0.1,0.86
1809,2020-11-29,0.1,0.0,-0.1,0.86
1810,2020-11-30,0.1,0.0,-0.1,0.86
1811,2020-12-01,0.1,0.0,-0.1,0.86
1812,2020-12-02,0.1,0.0,-0.1,0.86
1813,2020-12-03,0.1,0.0,-0.1,0.86
1814,2020-12-04,0.1,0.0,-0.1,0.86
1815,2020-12-05,0.1,0.0,-0.1,0.86
1816,2020-12-06,0.1,0.0,-0.1,0.86
1817,2020-12-07,0.1,0.0,-0.1,0.86
1818,2020-12-08,0.1,0.0,-0.1,0.86
1819,2020-12-09,0.1,0.0,-0.1,0.86
1820,2020-12-10,0.1,0.0,-0.1,0.86
1821,2020-12-11,0.1,0.0,-0.1,0.86
1822,2020-12-12,0.1,0.0,-0.1,0.86
1823,2020-12-13,0.1,0.0,-0.1,0.86
1824,2020-12-14,0.1,0.0,-0.1,0.86
1825,2020-12-15,0.1,0.0,-0.1,0.86
1826,2020-12-16,0.1,0.0,-0.1,0.86
1827,2020-12-17,0.1,0.0,-0.1,0.86
1828,2020-12-18,0.1,0.0,-0.1,0.86
1829,2020-12-19,0.1,0.0,-0.1,0.86
1830,2020-12-20,0.1,0.0,-0.1,0.86
1831,2020-12-21,0.1,0.0,-0.1,0.86
1832,2020-12-22,0.1,0.0,-0.1,0.86
1833,2020-12-23,0.1,0.0,-0.1,0.86
1834,2020-12-24,0.1,0.0,-0.1,0.86
1835,2020-12-25,0.1,0.0,-0.1,0.86
1836,2020-12-26,0.1,0.0,-0.1,0.86
1837,2020-12-27,0.1,0.0,-0.1,0.86
1838,2020-12-28,0.1,0.0,-0.1,0.86
1839,2020-12-29,0.1,0.0,-0.1,0.86
1840,2020-12-30,0.1,0.0,-0.1,0.86
1841,2020-12-31,0.1,0.0,-0.1,0.86
1842,2021-01-01,0.1,0.0,-0.1,0.86
1843,2021-01-02,0.1,0.0,-0.1,0.86
1844,2021-01-03,0.1,0.0,-0.1,0.86
1845,2021-01-04,0.1,0.0,-0.1,0.86
1846,2021-01-05,0.1,0.0,-0.1,0.86
1847,2021-01-06,0.1,0.0,-0.1,0.86
1848,2021-01-07,0.1,0.0,-0.1,0.86
1849,2021-01-08,0.1,0.0,-0.1,0.86
1850,2021-01-09,0.1,0.0,-0.1,0.86
1851,2021-01-10,0.1,0.0,-0.1,0.86
1852,2021-01-11,0.1,0.0,-0.1,0.86
1853,2021-01-12,0.1,0.0,-0.1,0.86
1854,2021-01-13,0.1,0.0,-0.1,0.86
1855,2021-01-14,0.1,0.0,-0.1,0.86
1856,2021-01-15,0.1,0.0,-0.1,0.86
1857,2021-01-16,0.1,0.0,-0.1,0.86
1858,2021-01-17,0.1,0.0,-0.1,0.86
1859,2021-01-18,0.1,0.0,-0.1,0.86
1860,2021-01-19,0.1,0.0,-0.1,0.86
1861,2021-01-20,0.1,0.0,-0.1,0.86
1862,2021-01-21,0.1,0.0,-0.1,0.86
1863,2021-01-22,0.1,0.0,-0.1,0.86
1864,2021-01-23,0.1,0.0,-0.1,0.86
1865,2021-01-24,0.1,0.0,-0.1,0.86
1866,2021-01-25,0.1,0.0,-0.1,0.86
1867,2021-01-26,0.1,0.0,-0.1,0.86
1868,2021-01-27,0.1,0.0,-0.1,0.86
1869,2021-01-28,0.1,0.0,-0.1,0.86
1870,2021-01-29,0.1,0.0,-0.1,0.86
1871,2021-01-30,0.1,0.0,-0.1,0.86
1872,2021-01-31,0.1,0.0,-0.1,0.86
1873,2021-02-01,0.1,0.0,-0.1,0.86
1874,2021-02-02,0.1,0.0,-0.1,0.86
1875,2021-02-03,0.1,0.0,-0.1,0.86
1876,2021-02-04,0.1,0.0,-0.1,0.86
1877,2021-02-05,0.1,0.0,-0.1,0.86
1878,2021-02-06,0.1,0.0,-0.1,0.86
1879,2021-02-07,0.1,0.0,-0.1,0.86
1880,2021-02-08,0.1,0.0,-0.1,0.86
1881,2021-02-09,0.1,0.0,-0.1,0.86
1882,2021-02-10,0.1,0.0,-0.1,0.86
1883,2021-02-11,0.1,0.0,-0.1,0.86
1884,2021-02-12,0.1,0.0,-0.1,0.86
1885,2021-02-13,0.1,0.0,-0.1,0.86
1886,2021-02-14,0.1,0.0,-0.1,0.86
1887,2021-02-15,0.1,0.0,-0.1,0.86
1888,2021-02-16,0.1,0.0,-0.1,0.86
1889,2021-02-17,0.1,0.0,-0.1,0.86
1890,2021-02-18,0.1,0.0,-0.1,0.86
1891,2021-02-19,0.1,0.0,-0.1,0.86
1892,2021-02-20,0.1,0.0,-0.1,0.86
1893,2021-02-21,0.1,0.0,-0.1,0.86
1894,2021-02-22,0.1,0.0,-0.1,0.86
1895,2021-02-23,0.1,0.0,-0.1,0.86
1896,2021-02-24,0.1,0.0,-0.1,0.86
1897,2021-02-25,0.1,0.0,-0.1,0.86
1898,2021-02-26,0.1,0.0,-0.1,0.86
1899,2021-02-27,0.1,0.0,-0.1,0.86
1900,2021-02-28,0.1,0.0,-0.1,0.86
1901,2021-03-01,0.1,0.0,-0.1,0.86
1902,2021-03-02,0.1,0.0,-0.1,0.86
1903,2021-03-03,0.1,0.0,-0.1,0.86
1904,2021-03-04,0.1,0.0,-0.1,0.86
1905,2021-03-05,0.1,0.0,-0.1,0.86
1906,2021-03-06,0.1,0.0,-0.1,0.86
1907,2021-03-07,0.1,0.0,-0.1,0.86
1908,2021-03-08,0.1,0.0,-0.1,0.86
1909,2021-03-09,0.1,0.0,-0.1,0.86
1910,2021-03-10,0.1,0.0,-0.1,0.86
1911,2021-03-11,0.1,0.0,-0.1,0.86
1912,2021-03-12,0.1,0.0,-0.1,0.86
1913,2021-03-13,0.1,0.0,-0.1,0.86
1914,2021-03-14,0.1,0.0,-0.1,0.86
1915,2021-03-15,0.1,0.0,-0.1,0.86
1916,2021-03-16,0.1,0.0,-0.1,0.86
1917,2021-03-17,0.1,0.0,-0.1,0.86
1918,2021-03-18,0.1,0.0,-0.1,0.86
1919,2021-03-19,0.1,0.0,-0.1,0.86
1920,2021-03-20,0.1,0.0,-0.1,0.86
1921,2021-03-21,0.1,0.0,-0.1,0.86
1922,2021-03-22,0.1,0.0,-0.1,0.86
1923,2021-03-23,0.1,0.0,-0.1,0.86
1924,2021-03-24,0.1,0.0,-0.1,0.86
1925,2021-03-25,0.1,0.0,-0.1,0.86
1926,2021-03-26,0.1,0.0,-0.1,0.86
1927,2021-03-27,0.1,0.0,-0.1,0.86
1928,2021-03-28,0.1,0.0,-0.1,0.86
1929,2021-03-29,0.1,0.0,-0.1,0.86
1930,2021-03-30,0.1,0.0,-0.1,0.86
1931,2021-03-31,0.1,0.0,-0.1,0.86
1932,2021-04-01,0.1,0.0,-0.1,0.86
1933,2021-04-02,0.1,0.0,-0.1,0.86
1934,2021-04-03,0.1,0.0,-0.1,0.86
1935,2021-04-04,0.1,0.0,-0.1,0.86
1936,2021-04-05,0.1,0.0,-0.1,0.86
1937,2021-04-06,0.1,0.0,-0.1,0.86
1938,2021-04-07,0.1,0.0,-0.1,0.86
1939,2021-04-08,0.1,0.0,-0.1,0.86
1940,2021-04-09,0.1,0.0,-0.1,0.86
1941,2021-04-10,0.1,0.0,-0.1,0.86
1942,2021-04-11,0.1,0.0,-0.1,0.86
1943,2021-04-12,0.1,0.0,-0.1,0.86
1944,2021-04-13,0.1,0.0,-0.1,0.86
1945,2021-04-14,0.1,0.0,-0.1,0.86
1946,2021-04-15,0.1,0.0,-0.1,0.86
1947,2021-04-16,0.1,0.0,-0.1,0.86
1948,2021-04-17,0.1,0.0,-0.1,0.86
1949,2021-04-18,0.1,0.0,-0.1,0.86
1950,2021-04-19,0.1,0.0,-0.1,0.86
