,Date,rates_Japan
0,2015-05-06,0.0
1,2015-05-07,0.0
2,2015-05-08,0.0
3,2015-05-09,0.0
4,2015-05-10,0.0
5,2015-05-11,0.0
6,2015-05-12,0.0
7,2015-05-13,0.0
8,2015-05-14,0.0
9,2015-05-15,0.0
10,2015-05-16,0.0
11,2015-05-17,0.0
12,2015-05-18,0.0
13,2015-05-19,0.0
14,2015-05-20,0.0
15,2015-05-21,0.0
16,2015-05-22,0.0
17,2015-05-23,0.0
18,2015-05-24,0.0
19,2015-05-25,0.0
20,2015-05-26,0.0
21,2015-05-27,0.0
22,2015-05-28,0.0
23,2015-05-29,0.0
24,2015-05-30,0.0
25,2015-05-31,0.0
26,2015-06-01,0.0
27,2015-06-02,0.0
28,2015-06-03,0.0
29,2015-06-04,0.0
30,2015-06-05,0.0
31,2015-06-06,0.0
32,2015-06-07,0.0
33,2015-06-08,0.0
34,2015-06-09,0.0
35,2015-06-10,0.0
36,2015-06-11,0.0
37,2015-06-12,0.0
38,2015-06-13,0.0
39,2015-06-14,0.0
40,2015-06-15,0.0
41,2015-06-16,0.0
42,2015-06-17,0.0
43,2015-06-18,0.0
44,2015-06-19,0.0
45,2015-06-20,0.0
46,2015-06-21,0.0
47,2015-06-22,0.0
48,2015-06-23,0.0
49,2015-06-24,0.0
50,2015-06-25,0.0
51,2015-06-26,0.0
52,2015-06-27,0.0
53,2015-06-28,0.0
54,2015-06-29,0.0
55,2015-06-30,0.0
56,2015-07-01,0.0
57,2015-07-02,0.0
58,2015-07-03,0.0
59,2015-07-04,0.0
60,2015-07-05,0.0
61,2015-07-06,0.0
62,2015-07-07,0.0
63,2015-07-08,0.0
64,2015-07-09,0.0
65,2015-07-10,0.0
66,2015-07-11,0.0
67,2015-07-12,0.0
68,2015-07-13,0.0
69,2015-07-14,0.0
70,2015-07-15,0.0
71,2015-07-16,0.0
72,2015-07-17,0.0
73,2015-07-18,0.0
74,2015-07-19,0.0
75,2015-07-20,0.0
76,2015-07-21,0.0
77,2015-07-22,0.0
78,2015-07-23,0.0
79,2015-07-24,0.0
80,2015-07-25,0.0
81,2015-07-26,0.0
82,2015-07-27,0.0
83,2015-07-28,0.0
84,2015-07-29,0.0
85,2015-07-30,0.0
86,2015-07-31,0.0
87,2015-08-01,0.0
88,2015-08-02,0.0
89,2015-08-03,0.0
90,2015-08-04,0.0
91,2015-08-05,0.0
92,2015-08-06,0.0
93,2015-08-07,0.0
94,2015-08-08,0.0
95,2015-08-09,0.0
96,2015-08-10,0.0
97,2015-08-11,0.0
98,2015-08-12,0.0
99,2015-08-13,0.0
100,2015-08-14,0.0
101,2015-08-15,0.0
102,2015-08-16,0.0
103,2015-08-17,0.0
104,2015-08-18,0.0
105,2015-08-19,0.0
106,2015-08-20,0.0
107,2015-08-21,0.0
108,2015-08-22,0.0
109,2015-08-23,0.0
110,2015-08-24,0.0
111,2015-08-25,0.0
112,2015-08-26,0.0
113,2015-08-27,0.0
114,2015-08-28,0.0
115,2015-08-29,0.0
116,2015-08-30,0.0
117,2015-08-31,0.0
118,2015-09-01,0.0
119,2015-09-02,0.0
120,2015-09-03,0.0
121,2015-09-04,0.0
122,2015-09-05,0.0
123,2015-09-06,0.0
124,2015-09-07,0.0
125,2015-09-08,0.0
126,2015-09-09,0.0
127,2015-09-10,0.0
128,2015-09-11,0.0
129,2015-09-12,0.0
130,2015-09-13,0.0
131,2015-09-14,0.0
132,2015-09-15,0.0
133,2015-09-16,0.0
134,2015-09-17,0.0
135,2015-09-18,0.0
136,2015-09-19,0.0
137,2015-09-20,0.0
138,2015-09-21,0.0
139,2015-09-22,0.0
140,2015-09-23,0.0
141,2015-09-24,0.0
142,2015-09-25,0.0
143,2015-09-26,0.0
144,2015-09-27,0.0
145,2015-09-28,0.0
146,2015-09-29,0.0
147,2015-09-30,0.0
148,2015-10-01,0.0
149,2015-10-02,0.0
150,2015-10-03,0.0
151,2015-10-04,0.0
152,2015-10-05,0.0
153,2015-10-06,0.0
154,2015-10-07,0.0
155,2015-10-08,0.0
156,2015-10-09,0.0
157,2015-10-10,0.0
158,2015-10-11,0.0
159,2015-10-12,0.0
160,2015-10-13,0.0
161,2015-10-14,0.0
162,2015-10-15,0.0
163,2015-10-16,0.0
164,2015-10-17,0.0
165,2015-10-18,0.0
166,2015-10-19,0.0
167,2015-10-20,0.0
168,2015-10-21,0.0
169,2015-10-22,0.0
170,2015-10-23,0.0
171,2015-10-24,0.0
172,2015-10-25,0.0
173,2015-10-26,0.0
174,2015-10-27,0.0
175,2015-10-28,0.0
176,2015-10-29,0.0
177,2015-10-30,0.0
178,2015-10-31,0.0
179,2015-11-01,0.0
180,2015-11-02,0.0
181,2015-11-03,0.0
182,2015-11-04,0.0
183,2015-11-05,0.0
184,2015-11-06,0.0
185,2015-11-07,0.0
186,2015-11-08,0.0
187,2015-11-09,0.0
188,2015-11-10,0.0
189,2015-11-11,0.0
190,2015-11-12,0.0
191,2015-11-13,0.0
192,2015-11-14,0.0
193,2015-11-15,0.0
194,2015-11-16,0.0
195,2015-11-17,0.0
196,2015-11-18,0.0
197,2015-11-19,0.0
198,2015-11-20,0.0
199,2015-11-21,0.0
200,2015-11-22,0.0
201,2015-11-23,0.0
202,2015-11-24,0.0
203,2015-11-25,0.0
204,2015-11-26,0.0
205,2015-11-27,0.0
206,2015-11-28,0.0
207,2015-11-29,0.0
208,2015-11-30,0.0
209,2015-12-01,0.0
210,2015-12-02,0.0
211,2015-12-03,0.0
212,2015-12-04,0.0
213,2015-12-05,0.0
214,2015-12-06,0.0
215,2015-12-07,0.0
216,2015-12-08,0.0
217,2015-12-09,0.0
218,2015-12-10,0.0
219,2015-12-11,0.0
220,2015-12-12,0.0
221,2015-12-13,0.0
222,2015-12-14,0.0
223,2015-12-15,0.0
224,2015-12-16,0.0
225,2015-12-17,0.0
226,2015-12-18,0.0
227,2015-12-19,0.0
228,2015-12-20,0.0
229,2015-12-21,0.0
230,2015-12-22,0.0
231,2015-12-23,0.0
232,2015-12-24,0.0
233,2015-12-25,0.0
234,2015-12-26,0.0
235,2015-12-27,0.0
236,2015-12-28,0.0
237,2015-12-29,0.0
238,2015-12-30,0.0
239,2015-12-31,0.0
240,2016-01-01,0.0
241,2016-01-02,0.0
242,2016-01-03,0.0
243,2016-01-04,0.0
244,2016-01-05,0.0
245,2016-01-06,0.0
246,2016-01-07,0.0
247,2016-01-08,0.0
248,2016-01-09,0.0
249,2016-01-10,0.0
250,2016-01-11,0.0
251,2016-01-12,0.0
252,2016-01-13,0.0
253,2016-01-14,0.0
254,2016-01-15,0.0
255,2016-01-16,0.0
256,2016-01-17,0.0
257,2016-01-18,0.0
258,2016-01-19,0.0
259,2016-01-20,0.0
260,2016-01-21,0.0
261,2016-01-22,0.0
262,2016-01-23,0.0
263,2016-01-24,0.0
264,2016-01-25,0.0
265,2016-01-26,0.0
266,2016-01-27,0.0
267,2016-01-28,0.0
268,2016-01-29,0.0
269,2016-01-30,0.0
270,2016-01-31,0.0
271,2016-02-01,0.0
272,2016-02-02,0.0
273,2016-02-03,0.0
274,2016-02-04,0.0
275,2016-02-05,0.0
276,2016-02-06,0.0
277,2016-02-07,0.0
278,2016-02-08,0.0
279,2016-02-09,0.0
280,2016-02-10,0.0
281,2016-02-11,0.0
282,2016-02-12,0.0
283,2016-02-13,0.0
284,2016-02-14,0.0
285,2016-02-15,0.0
0,2016-02-16,-0.1
1,2016-02-17,-0.1
2,2016-02-18,-0.1
3,2016-02-19,-0.1
4,2016-02-20,-0.1
5,2016-02-21,-0.1
6,2016-02-22,-0.1
7,2016-02-23,-0.1
8,2016-02-24,-0.1
9,2016-02-25,-0.1
10,2016-02-26,-0.1
11,2016-02-27,-0.1
12,2016-02-28,-0.1
13,2016-02-29,-0.1
14,2016-03-01,-0.1
15,2016-03-02,-0.1
16,2016-03-03,-0.1
17,2016-03-04,-0.1
18,2016-03-05,-0.1
19,2016-03-06,-0.1
20,2016-03-07,-0.1
21,2016-03-08,-0.1
22,2016-03-09,-0.1
23,2016-03-10,-0.1
24,2016-03-11,-0.1
25,2016-03-12,-0.1
26,2016-03-13,-0.1
27,2016-03-14,-0.1
28,2016-03-15,-0.1
29,2016-03-16,-0.1
30,2016-03-17,-0.1
31,2016-03-18,-0.1
32,2016-03-19,-0.1
33,2016-03-20,-0.1
34,2016-03-21,-0.1
35,2016-03-22,-0.1
36,2016-03-23,-0.1
37,2016-03-24,-0.1
38,2016-03-25,-0.1
39,2016-03-26,-0.1
40,2016-03-27,-0.1
41,2016-03-28,-0.1
42,2016-03-29,-0.1
43,2016-03-30,-0.1
44,2016-03-31,-0.1
45,2016-04-01,-0.1
46,2016-04-02,-0.1
47,2016-04-03,-0.1
48,2016-04-04,-0.1
49,2016-04-05,-0.1
50,2016-04-06,-0.1
51,2016-04-07,-0.1
52,2016-04-08,-0.1
53,2016-04-09,-0.1
54,2016-04-10,-0.1
55,2016-04-11,-0.1
56,2016-04-12,-0.1
57,2016-04-13,-0.1
58,2016-04-14,-0.1
59,2016-04-15,-0.1
60,2016-04-16,-0.1
61,2016-04-17,-0.1
62,2016-04-18,-0.1
63,2016-04-19,-0.1
64,2016-04-20,-0.1
65,2016-04-21,-0.1
66,2016-04-22,-0.1
67,2016-04-23,-0.1
68,2016-04-24,-0.1
69,2016-04-25,-0.1
70,2016-04-26,-0.1
71,2016-04-27,-0.1
72,2016-04-28,-0.1
73,2016-04-29,-0.1
74,2016-04-30,-0.1
75,2016-05-01,-0.1
76,2016-05-02,-0.1
77,2016-05-03,-0.1
78,2016-05-04,-0.1
79,2016-05-05,-0.1
80,2016-05-06,-0.1
81,2016-05-07,-0.1
82,2016-05-08,-0.1
83,2016-05-09,-0.1
84,2016-05-10,-0.1
85,2016-05-11,-0.1
86,2016-05-12,-0.1
87,2016-05-13,-0.1
88,2016-05-14,-0.1
89,2016-05-15,-0.1
90,2016-05-16,-0.1
91,2016-05-17,-0.1
92,2016-05-18,-0.1
93,2016-05-19,-0.1
94,2016-05-20,-0.1
95,2016-05-21,-0.1
96,2016-05-22,-0.1
97,2016-05-23,-0.1
98,2016-05-24,-0.1
99,2016-05-25,-0.1
100,2016-05-26,-0.1
101,2016-05-27,-0.1
102,2016-05-28,-0.1
103,2016-05-29,-0.1
104,2016-05-30,-0.1
105,2016-05-31,-0.1
106,2016-06-01,-0.1
107,2016-06-02,-0.1
108,2016-06-03,-0.1
109,2016-06-04,-0.1
110,2016-06-05,-0.1
111,2016-06-06,-0.1
112,2016-06-07,-0.1
113,2016-06-08,-0.1
114,2016-06-09,-0.1
115,2016-06-10,-0.1
116,2016-06-11,-0.1
117,2016-06-12,-0.1
118,2016-06-13,-0.1
119,2016-06-14,-0.1
120,2016-06-15,-0.1
121,2016-06-16,-0.1
122,2016-06-17,-0.1
123,2016-06-18,-0.1
124,2016-06-19,-0.1
125,2016-06-20,-0.1
126,2016-06-21,-0.1
127,2016-06-22,-0.1
128,2016-06-23,-0.1
129,2016-06-24,-0.1
130,2016-06-25,-0.1
131,2016-06-26,-0.1
132,2016-06-27,-0.1
133,2016-06-28,-0.1
134,2016-06-29,-0.1
135,2016-06-30,-0.1
136,2016-07-01,-0.1
137,2016-07-02,-0.1
138,2016-07-03,-0.1
139,2016-07-04,-0.1
140,2016-07-05,-0.1
141,2016-07-06,-0.1
142,2016-07-07,-0.1
143,2016-07-08,-0.1
144,2016-07-09,-0.1
145,2016-07-10,-0.1
146,2016-07-11,-0.1
147,2016-07-12,-0.1
148,2016-07-13,-0.1
149,2016-07-14,-0.1
150,2016-07-15,-0.1
151,2016-07-16,-0.1
152,2016-07-17,-0.1
153,2016-07-18,-0.1
154,2016-07-19,-0.1
155,2016-07-20,-0.1
156,2016-07-21,-0.1
157,2016-07-22,-0.1
158,2016-07-23,-0.1
159,2016-07-24,-0.1
160,2016-07-25,-0.1
161,2016-07-26,-0.1
162,2016-07-27,-0.1
163,2016-07-28,-0.1
164,2016-07-29,-0.1
165,2016-07-30,-0.1
166,2016-07-31,-0.1
167,2016-08-01,-0.1
168,2016-08-02,-0.1
169,2016-08-03,-0.1
170,2016-08-04,-0.1
171,2016-08-05,-0.1
172,2016-08-06,-0.1
173,2016-08-07,-0.1
174,2016-08-08,-0.1
175,2016-08-09,-0.1
176,2016-08-10,-0.1
177,2016-08-11,-0.1
178,2016-08-12,-0.1
179,2016-08-13,-0.1
180,2016-08-14,-0.1
181,2016-08-15,-0.1
182,2016-08-16,-0.1
183,2016-08-17,-0.1
184,2016-08-18,-0.1
185,2016-08-19,-0.1
186,2016-08-20,-0.1
187,2016-08-21,-0.1
188,2016-08-22,-0.1
189,2016-08-23,-0.1
190,2016-08-24,-0.1
191,2016-08-25,-0.1
192,2016-08-26,-0.1
193,2016-08-27,-0.1
194,2016-08-28,-0.1
195,2016-08-29,-0.1
196,2016-08-30,-0.1
197,2016-08-31,-0.1
198,2016-09-01,-0.1
199,2016-09-02,-0.1
200,2016-09-03,-0.1
201,2016-09-04,-0.1
202,2016-09-05,-0.1
203,2016-09-06,-0.1
204,2016-09-07,-0.1
205,2016-09-08,-0.1
206,2016-09-09,-0.1
207,2016-09-10,-0.1
208,2016-09-11,-0.1
209,2016-09-12,-0.1
210,2016-09-13,-0.1
211,2016-09-14,-0.1
212,2016-09-15,-0.1
213,2016-09-16,-0.1
214,2016-09-17,-0.1
215,2016-09-18,-0.1
216,2016-09-19,-0.1
217,2016-09-20,-0.1
218,2016-09-21,-0.1
219,2016-09-22,-0.1
220,2016-09-23,-0.1
221,2016-09-24,-0.1
222,2016-09-25,-0.1
223,2016-09-26,-0.1
224,2016-09-27,-0.1
225,2016-09-28,-0.1
226,2016-09-29,-0.1
227,2016-09-30,-0.1
228,2016-10-01,-0.1
229,2016-10-02,-0.1
230,2016-10-03,-0.1
231,2016-10-04,-0.1
232,2016-10-05,-0.1
233,2016-10-06,-0.1
234,2016-10-07,-0.1
235,2016-10-08,-0.1
236,2016-10-09,-0.1
237,2016-10-10,-0.1
238,2016-10-11,-0.1
239,2016-10-12,-0.1
240,2016-10-13,-0.1
241,2016-10-14,-0.1
242,2016-10-15,-0.1
243,2016-10-16,-0.1
244,2016-10-17,-0.1
245,2016-10-18,-0.1
246,2016-10-19,-0.1
247,2016-10-20,-0.1
248,2016-10-21,-0.1
249,2016-10-22,-0.1
250,2016-10-23,-0.1
251,2016-10-24,-0.1
252,2016-10-25,-0.1
253,2016-10-26,-0.1
254,2016-10-27,-0.1
255,2016-10-28,-0.1
256,2016-10-29,-0.1
257,2016-10-30,-0.1
258,2016-10-31,-0.1
259,2016-11-01,-0.1
260,2016-11-02,-0.1
261,2016-11-03,-0.1
262,2016-11-04,-0.1
263,2016-11-05,-0.1
264,2016-11-06,-0.1
265,2016-11-07,-0.1
266,2016-11-08,-0.1
267,2016-11-09,-0.1
268,2016-11-10,-0.1
269,2016-11-11,-0.1
270,2016-11-12,-0.1
271,2016-11-13,-0.1
272,2016-11-14,-0.1
273,2016-11-15,-0.1
274,2016-11-16,-0.1
275,2016-11-17,-0.1
276,2016-11-18,-0.1
277,2016-11-19,-0.1
278,2016-11-20,-0.1
279,2016-11-21,-0.1
280,2016-11-22,-0.1
281,2016-11-23,-0.1
282,2016-11-24,-0.1
283,2016-11-25,-0.1
284,2016-11-26,-0.1
285,2016-11-27,-0.1
286,2016-11-28,-0.1
287,2016-11-29,-0.1
288,2016-11-30,-0.1
289,2016-12-01,-0.1
290,2016-12-02,-0.1
291,2016-12-03,-0.1
292,2016-12-04,-0.1
293,2016-12-05,-0.1
294,2016-12-06,-0.1
295,2016-12-07,-0.1
296,2016-12-08,-0.1
297,2016-12-09,-0.1
298,2016-12-10,-0.1
299,2016-12-11,-0.1
300,2016-12-12,-0.1
301,2016-12-13,-0.1
302,2016-12-14,-0.1
303,2016-12-15,-0.1
304,2016-12-16,-0.1
305,2016-12-17,-0.1
306,2016-12-18,-0.1
307,2016-12-19,-0.1
308,2016-12-20,-0.1
309,2016-12-21,-0.1
310,2016-12-22,-0.1
311,2016-12-23,-0.1
312,2016-12-24,-0.1
313,2016-12-25,-0.1
314,2016-12-26,-0.1
315,2016-12-27,-0.1
316,2016-12-28,-0.1
317,2016-12-29,-0.1
318,2016-12-30,-0.1
319,2016-12-31,-0.1
320,2017-01-01,-0.1
321,2017-01-02,-0.1
322,2017-01-03,-0.1
323,2017-01-04,-0.1
324,2017-01-05,-0.1
325,2017-01-06,-0.1
326,2017-01-07,-0.1
327,2017-01-08,-0.1
328,2017-01-09,-0.1
329,2017-01-10,-0.1
330,2017-01-11,-0.1
331,2017-01-12,-0.1
332,2017-01-13,-0.1
333,2017-01-14,-0.1
334,2017-01-15,-0.1
335,2017-01-16,-0.1
336,2017-01-17,-0.1
337,2017-01-18,-0.1
338,2017-01-19,-0.1
339,2017-01-20,-0.1
340,2017-01-21,-0.1
341,2017-01-22,-0.1
342,2017-01-23,-0.1
343,2017-01-24,-0.1
344,2017-01-25,-0.1
345,2017-01-26,-0.1
346,2017-01-27,-0.1
347,2017-01-28,-0.1
348,2017-01-29,-0.1
349,2017-01-30,-0.1
350,2017-01-31,-0.1
351,2017-02-01,-0.1
352,2017-02-02,-0.1
353,2017-02-03,-0.1
354,2017-02-04,-0.1
355,2017-02-05,-0.1
356,2017-02-06,-0.1
357,2017-02-07,-0.1
358,2017-02-08,-0.1
359,2017-02-09,-0.1
360,2017-02-10,-0.1
361,2017-02-11,-0.1
362,2017-02-12,-0.1
363,2017-02-13,-0.1
364,2017-02-14,-0.1
365,2017-02-15,-0.1
366,2017-02-16,-0.1
367,2017-02-17,-0.1
368,2017-02-18,-0.1
369,2017-02-19,-0.1
370,2017-02-20,-0.1
371,2017-02-21,-0.1
372,2017-02-22,-0.1
373,2017-02-23,-0.1
374,2017-02-24,-0.1
375,2017-02-25,-0.1
376,2017-02-26,-0.1
377,2017-02-27,-0.1
378,2017-02-28,-0.1
379,2017-03-01,-0.1
380,2017-03-02,-0.1
381,2017-03-03,-0.1
382,2017-03-04,-0.1
383,2017-03-05,-0.1
384,2017-03-06,-0.1
385,2017-03-07,-0.1
386,2017-03-08,-0.1
387,2017-03-09,-0.1
388,2017-03-10,-0.1
389,2017-03-11,-0.1
390,2017-03-12,-0.1
391,2017-03-13,-0.1
392,2017-03-14,-0.1
393,2017-03-15,-0.1
394,2017-03-16,-0.1
395,2017-03-17,-0.1
396,2017-03-18,-0.1
397,2017-03-19,-0.1
398,2017-03-20,-0.1
399,2017-03-21,-0.1
400,2017-03-22,-0.1
401,2017-03-23,-0.1
402,2017-03-24,-0.1
403,2017-03-25,-0.1
404,2017-03-26,-0.1
405,2017-03-27,-0.1
406,2017-03-28,-0.1
407,2017-03-29,-0.1
408,2017-03-30,-0.1
409,2017-03-31,-0.1
410,2017-04-01,-0.1
411,2017-04-02,-0.1
412,2017-04-03,-0.1
413,2017-04-04,-0.1
414,2017-04-05,-0.1
415,2017-04-06,-0.1
416,2017-04-07,-0.1
417,2017-04-08,-0.1
418,2017-04-09,-0.1
419,2017-04-10,-0.1
420,2017-04-11,-0.1
421,2017-04-12,-0.1
422,2017-04-13,-0.1
423,2017-04-14,-0.1
424,2017-04-15,-0.1
425,2017-04-16,-0.1
426,2017-04-17,-0.1
427,2017-04-18,-0.1
428,2017-04-19,-0.1
429,2017-04-20,-0.1
430,2017-04-21,-0.1
431,2017-04-22,-0.1
432,2017-04-23,-0.1
433,2017-04-24,-0.1
434,2017-04-25,-0.1
435,2017-04-26,-0.1
436,2017-04-27,-0.1
437,2017-04-28,-0.1
438,2017-04-29,-0.1
439,2017-04-30,-0.1
440,2017-05-01,-0.1
441,2017-05-02,-0.1
442,2017-05-03,-0.1
443,2017-05-04,-0.1
444,2017-05-05,-0.1
445,2017-05-06,-0.1
446,2017-05-07,-0.1
447,2017-05-08,-0.1
448,2017-05-09,-0.1
449,2017-05-10,-0.1
450,2017-05-11,-0.1
451,2017-05-12,-0.1
452,2017-05-13,-0.1
453,2017-05-14,-0.1
454,2017-05-15,-0.1
455,2017-05-16,-0.1
456,2017-05-17,-0.1
457,2017-05-18,-0.1
458,2017-05-19,-0.1
459,2017-05-20,-0.1
460,2017-05-21,-0.1
461,2017-05-22,-0.1
462,2017-05-23,-0.1
463,2017-05-24,-0.1
464,2017-05-25,-0.1
465,2017-05-26,-0.1
466,2017-05-27,-0.1
467,2017-05-28,-0.1
468,2017-05-29,-0.1
469,2017-05-30,-0.1
470,2017-05-31,-0.1
471,2017-06-01,-0.1
472,2017-06-02,-0.1
473,2017-06-03,-0.1
474,2017-06-04,-0.1
475,2017-06-05,-0.1
476,2017-06-06,-0.1
477,2017-06-07,-0.1
478,2017-06-08,-0.1
479,2017-06-09,-0.1
480,2017-06-10,-0.1
481,2017-06-11,-0.1
482,2017-06-12,-0.1
483,2017-06-13,-0.1
484,2017-06-14,-0.1
485,2017-06-15,-0.1
486,2017-06-16,-0.1
487,2017-06-17,-0.1
488,2017-06-18,-0.1
489,2017-06-19,-0.1
490,2017-06-20,-0.1
491,2017-06-21,-0.1
492,2017-06-22,-0.1
493,2017-06-23,-0.1
494,2017-06-24,-0.1
495,2017-06-25,-0.1
496,2017-06-26,-0.1
497,2017-06-27,-0.1
498,2017-06-28,-0.1
499,2017-06-29,-0.1
500,2017-06-30,-0.1
501,2017-07-01,-0.1
502,2017-07-02,-0.1
503,2017-07-03,-0.1
504,2017-07-04,-0.1
505,2017-07-05,-0.1
506,2017-07-06,-0.1
507,2017-07-07,-0.1
508,2017-07-08,-0.1
509,2017-07-09,-0.1
510,2017-07-10,-0.1
511,2017-07-11,-0.1
512,2017-07-12,-0.1
513,2017-07-13,-0.1
514,2017-07-14,-0.1
515,2017-07-15,-0.1
516,2017-07-16,-0.1
517,2017-07-17,-0.1
518,2017-07-18,-0.1
519,2017-07-19,-0.1
520,2017-07-20,-0.1
521,2017-07-21,-0.1
522,2017-07-22,-0.1
523,2017-07-23,-0.1
524,2017-07-24,-0.1
525,2017-07-25,-0.1
526,2017-07-26,-0.1
527,2017-07-27,-0.1
528,2017-07-28,-0.1
529,2017-07-29,-0.1
530,2017-07-30,-0.1
531,2017-07-31,-0.1
532,2017-08-01,-0.1
533,2017-08-02,-0.1
534,2017-08-03,-0.1
535,2017-08-04,-0.1
536,2017-08-05,-0.1
537,2017-08-06,-0.1
538,2017-08-07,-0.1
539,2017-08-08,-0.1
540,2017-08-09,-0.1
541,2017-08-10,-0.1
542,2017-08-11,-0.1
543,2017-08-12,-0.1
544,2017-08-13,-0.1
545,2017-08-14,-0.1
546,2017-08-15,-0.1
547,2017-08-16,-0.1
548,2017-08-17,-0.1
549,2017-08-18,-0.1
550,2017-08-19,-0.1
551,2017-08-20,-0.1
552,2017-08-21,-0.1
553,2017-08-22,-0.1
554,2017-08-23,-0.1
555,2017-08-24,-0.1
556,2017-08-25,-0.1
557,2017-08-26,-0.1
558,2017-08-27,-0.1
559,2017-08-28,-0.1
560,2017-08-29,-0.1
561,2017-08-30,-0.1
562,2017-08-31,-0.1
563,2017-09-01,-0.1
564,2017-09-02,-0.1
565,2017-09-03,-0.1
566,2017-09-04,-0.1
567,2017-09-05,-0.1
568,2017-09-06,-0.1
569,2017-09-07,-0.1
570,2017-09-08,-0.1
571,2017-09-09,-0.1
572,2017-09-10,-0.1
573,2017-09-11,-0.1
574,2017-09-12,-0.1
575,2017-09-13,-0.1
576,2017-09-14,-0.1
577,2017-09-15,-0.1
578,2017-09-16,-0.1
579,2017-09-17,-0.1
580,2017-09-18,-0.1
581,2017-09-19,-0.1
582,2017-09-20,-0.1
583,2017-09-21,-0.1
584,2017-09-22,-0.1
585,2017-09-23,-0.1
586,2017-09-24,-0.1
587,2017-09-25,-0.1
588,2017-09-26,-0.1
589,2017-09-27,-0.1
590,2017-09-28,-0.1
591,2017-09-29,-0.1
592,2017-09-30,-0.1
593,2017-10-01,-0.1
594,2017-10-02,-0.1
595,2017-10-03,-0.1
596,2017-10-04,-0.1
597,2017-10-05,-0.1
598,2017-10-06,-0.1
599,2017-10-07,-0.1
600,2017-10-08,-0.1
601,2017-10-09,-0.1
602,2017-10-10,-0.1
603,2017-10-11,-0.1
604,2017-10-12,-0.1
605,2017-10-13,-0.1
606,2017-10-14,-0.1
607,2017-10-15,-0.1
608,2017-10-16,-0.1
609,2017-10-17,-0.1
610,2017-10-18,-0.1
611,2017-10-19,-0.1
612,2017-10-20,-0.1
613,2017-10-21,-0.1
614,2017-10-22,-0.1
615,2017-10-23,-0.1
616,2017-10-24,-0.1
617,2017-10-25,-0.1
618,2017-10-26,-0.1
619,2017-10-27,-0.1
620,2017-10-28,-0.1
621,2017-10-29,-0.1
622,2017-10-30,-0.1
623,2017-10-31,-0.1
624,2017-11-01,-0.1
625,2017-11-02,-0.1
626,2017-11-03,-0.1
627,2017-11-04,-0.1
628,2017-11-05,-0.1
629,2017-11-06,-0.1
630,2017-11-07,-0.1
631,2017-11-08,-0.1
632,2017-11-09,-0.1
633,2017-11-10,-0.1
634,2017-11-11,-0.1
635,2017-11-12,-0.1
636,2017-11-13,-0.1
637,2017-11-14,-0.1
638,2017-11-15,-0.1
639,2017-11-16,-0.1
640,2017-11-17,-0.1
641,2017-11-18,-0.1
642,2017-11-19,-0.1
643,2017-11-20,-0.1
644,2017-11-21,-0.1
645,2017-11-22,-0.1
646,2017-11-23,-0.1
647,2017-11-24,-0.1
648,2017-11-25,-0.1
649,2017-11-26,-0.1
650,2017-11-27,-0.1
651,2017-11-28,-0.1
652,2017-11-29,-0.1
653,2017-11-30,-0.1
654,2017-12-01,-0.1
655,2017-12-02,-0.1
656,2017-12-03,-0.1
657,2017-12-04,-0.1
658,2017-12-05,-0.1
659,2017-12-06,-0.1
660,2017-12-07,-0.1
661,2017-12-08,-0.1
662,2017-12-09,-0.1
663,2017-12-10,-0.1
664,2017-12-11,-0.1
665,2017-12-12,-0.1
666,2017-12-13,-0.1
667,2017-12-14,-0.1
668,2017-12-15,-0.1
669,2017-12-16,-0.1
670,2017-12-17,-0.1
671,2017-12-18,-0.1
672,2017-12-19,-0.1
673,2017-12-20,-0.1
674,2017-12-21,-0.1
675,2017-12-22,-0.1
676,2017-12-23,-0.1
677,2017-12-24,-0.1
678,2017-12-25,-0.1
679,2017-12-26,-0.1
680,2017-12-27,-0.1
681,2017-12-28,-0.1
682,2017-12-29,-0.1
683,2017-12-30,-0.1
684,2017-12-31,-0.1
685,2018-01-01,-0.1
686,2018-01-02,-0.1
687,2018-01-03,-0.1
688,2018-01-04,-0.1
689,2018-01-05,-0.1
690,2018-01-06,-0.1
691,2018-01-07,-0.1
692,2018-01-08,-0.1
693,2018-01-09,-0.1
694,2018-01-10,-0.1
695,2018-01-11,-0.1
696,2018-01-12,-0.1
697,2018-01-13,-0.1
698,2018-01-14,-0.1
699,2018-01-15,-0.1
700,2018-01-16,-0.1
701,2018-01-17,-0.1
702,2018-01-18,-0.1
703,2018-01-19,-0.1
704,2018-01-20,-0.1
705,2018-01-21,-0.1
706,2018-01-22,-0.1
707,2018-01-23,-0.1
708,2018-01-24,-0.1
709,2018-01-25,-0.1
710,2018-01-26,-0.1
711,2018-01-27,-0.1
712,2018-01-28,-0.1
713,2018-01-29,-0.1
714,2018-01-30,-0.1
715,2018-01-31,-0.1
716,2018-02-01,-0.1
717,2018-02-02,-0.1
718,2018-02-03,-0.1
719,2018-02-04,-0.1
720,2018-02-05,-0.1
721,2018-02-06,-0.1
722,2018-02-07,-0.1
723,2018-02-08,-0.1
724,2018-02-09,-0.1
725,2018-02-10,-0.1
726,2018-02-11,-0.1
727,2018-02-12,-0.1
728,2018-02-13,-0.1
729,2018-02-14,-0.1
730,2018-02-15,-0.1
731,2018-02-16,-0.1
732,2018-02-17,-0.1
733,2018-02-18,-0.1
734,2018-02-19,-0.1
735,2018-02-20,-0.1
736,2018-02-21,-0.1
737,2018-02-22,-0.1
738,2018-02-23,-0.1
739,2018-02-24,-0.1
740,2018-02-25,-0.1
741,2018-02-26,-0.1
742,2018-02-27,-0.1
743,2018-02-28,-0.1
744,2018-03-01,-0.1
745,2018-03-02,-0.1
746,2018-03-03,-0.1
747,2018-03-04,-0.1
748,2018-03-05,-0.1
749,2018-03-06,-0.1
750,2018-03-07,-0.1
751,2018-03-08,-0.1
752,2018-03-09,-0.1
753,2018-03-10,-0.1
754,2018-03-11,-0.1
755,2018-03-12,-0.1
756,2018-03-13,-0.1
757,2018-03-14,-0.1
758,2018-03-15,-0.1
759,2018-03-16,-0.1
760,2018-03-17,-0.1
761,2018-03-18,-0.1
762,2018-03-19,-0.1
763,2018-03-20,-0.1
764,2018-03-21,-0.1
765,2018-03-22,-0.1
766,2018-03-23,-0.1
767,2018-03-24,-0.1
768,2018-03-25,-0.1
769,2018-03-26,-0.1
770,2018-03-27,-0.1
771,2018-03-28,-0.1
772,2018-03-29,-0.1
773,2018-03-30,-0.1
774,2018-03-31,-0.1
775,2018-04-01,-0.1
776,2018-04-02,-0.1
777,2018-04-03,-0.1
778,2018-04-04,-0.1
779,2018-04-05,-0.1
780,2018-04-06,-0.1
781,2018-04-07,-0.1
782,2018-04-08,-0.1
783,2018-04-09,-0.1
784,2018-04-10,-0.1
785,2018-04-11,-0.1
786,2018-04-12,-0.1
787,2018-04-13,-0.1
788,2018-04-14,-0.1
789,2018-04-15,-0.1
790,2018-04-16,-0.1
791,2018-04-17,-0.1
792,2018-04-18,-0.1
793,2018-04-19,-0.1
794,2018-04-20,-0.1
795,2018-04-21,-0.1
796,2018-04-22,-0.1
797,2018-04-23,-0.1
798,2018-04-24,-0.1
799,2018-04-25,-0.1
800,2018-04-26,-0.1
801,2018-04-27,-0.1
802,2018-04-28,-0.1
803,2018-04-29,-0.1
804,2018-04-30,-0.1
805,2018-05-01,-0.1
806,2018-05-02,-0.1
807,2018-05-03,-0.1
808,2018-05-04,-0.1
809,2018-05-05,-0.1
810,2018-05-06,-0.1
811,2018-05-07,-0.1
812,2018-05-08,-0.1
813,2018-05-09,-0.1
814,2018-05-10,-0.1
815,2018-05-11,-0.1
816,2018-05-12,-0.1
817,2018-05-13,-0.1
818,2018-05-14,-0.1
819,2018-05-15,-0.1
820,2018-05-16,-0.1
821,2018-05-17,-0.1
822,2018-05-18,-0.1
823,2018-05-19,-0.1
824,2018-05-20,-0.1
825,2018-05-21,-0.1
826,2018-05-22,-0.1
827,2018-05-23,-0.1
828,2018-05-24,-0.1
829,2018-05-25,-0.1
830,2018-05-26,-0.1
831,2018-05-27,-0.1
832,2018-05-28,-0.1
833,2018-05-29,-0.1
834,2018-05-30,-0.1
835,2018-05-31,-0.1
836,2018-06-01,-0.1
837,2018-06-02,-0.1
838,2018-06-03,-0.1
839,2018-06-04,-0.1
840,2018-06-05,-0.1
841,2018-06-06,-0.1
842,2018-06-07,-0.1
843,2018-06-08,-0.1
844,2018-06-09,-0.1
845,2018-06-10,-0.1
846,2018-06-11,-0.1
847,2018-06-12,-0.1
848,2018-06-13,-0.1
849,2018-06-14,-0.1
850,2018-06-15,-0.1
851,2018-06-16,-0.1
852,2018-06-17,-0.1
853,2018-06-18,-0.1
854,2018-06-19,-0.1
855,2018-06-20,-0.1
856,2018-06-21,-0.1
857,2018-06-22,-0.1
858,2018-06-23,-0.1
859,2018-06-24,-0.1
860,2018-06-25,-0.1
861,2018-06-26,-0.1
862,2018-06-27,-0.1
863,2018-06-28,-0.1
864,2018-06-29,-0.1
865,2018-06-30,-0.1
866,2018-07-01,-0.1
867,2018-07-02,-0.1
868,2018-07-03,-0.1
869,2018-07-04,-0.1
870,2018-07-05,-0.1
871,2018-07-06,-0.1
872,2018-07-07,-0.1
873,2018-07-08,-0.1
874,2018-07-09,-0.1
875,2018-07-10,-0.1
876,2018-07-11,-0.1
877,2018-07-12,-0.1
878,2018-07-13,-0.1
879,2018-07-14,-0.1
880,2018-07-15,-0.1
881,2018-07-16,-0.1
882,2018-07-17,-0.1
883,2018-07-18,-0.1
884,2018-07-19,-0.1
885,2018-07-20,-0.1
886,2018-07-21,-0.1
887,2018-07-22,-0.1
888,2018-07-23,-0.1
889,2018-07-24,-0.1
890,2018-07-25,-0.1
891,2018-07-26,-0.1
892,2018-07-27,-0.1
893,2018-07-28,-0.1
894,2018-07-29,-0.1
895,2018-07-30,-0.1
896,2018-07-31,-0.1
897,2018-08-01,-0.1
898,2018-08-02,-0.1
899,2018-08-03,-0.1
900,2018-08-04,-0.1
901,2018-08-05,-0.1
902,2018-08-06,-0.1
903,2018-08-07,-0.1
904,2018-08-08,-0.1
905,2018-08-09,-0.1
906,2018-08-10,-0.1
907,2018-08-11,-0.1
908,2018-08-12,-0.1
909,2018-08-13,-0.1
910,2018-08-14,-0.1
911,2018-08-15,-0.1
912,2018-08-16,-0.1
913,2018-08-17,-0.1
914,2018-08-18,-0.1
915,2018-08-19,-0.1
916,2018-08-20,-0.1
917,2018-08-21,-0.1
918,2018-08-22,-0.1
919,2018-08-23,-0.1
920,2018-08-24,-0.1
921,2018-08-25,-0.1
922,2018-08-26,-0.1
923,2018-08-27,-0.1
924,2018-08-28,-0.1
925,2018-08-29,-0.1
926,2018-08-30,-0.1
927,2018-08-31,-0.1
928,2018-09-01,-0.1
929,2018-09-02,-0.1
930,2018-09-03,-0.1
931,2018-09-04,-0.1
932,2018-09-05,-0.1
933,2018-09-06,-0.1
934,2018-09-07,-0.1
935,2018-09-08,-0.1
936,2018-09-09,-0.1
937,2018-09-10,-0.1
938,2018-09-11,-0.1
939,2018-09-12,-0.1
940,2018-09-13,-0.1
941,2018-09-14,-0.1
942,2018-09-15,-0.1
943,2018-09-16,-0.1
944,2018-09-17,-0.1
945,2018-09-18,-0.1
946,2018-09-19,-0.1
947,2018-09-20,-0.1
948,2018-09-21,-0.1
949,2018-09-22,-0.1
950,2018-09-23,-0.1
951,2018-09-24,-0.1
952,2018-09-25,-0.1
953,2018-09-26,-0.1
954,2018-09-27,-0.1
955,2018-09-28,-0.1
956,2018-09-29,-0.1
957,2018-09-30,-0.1
958,2018-10-01,-0.1
959,2018-10-02,-0.1
960,2018-10-03,-0.1
961,2018-10-04,-0.1
962,2018-10-05,-0.1
963,2018-10-06,-0.1
964,2018-10-07,-0.1
965,2018-10-08,-0.1
966,2018-10-09,-0.1
967,2018-10-10,-0.1
968,2018-10-11,-0.1
969,2018-10-12,-0.1
970,2018-10-13,-0.1
971,2018-10-14,-0.1
972,2018-10-15,-0.1
973,2018-10-16,-0.1
974,2018-10-17,-0.1
975,2018-10-18,-0.1
976,2018-10-19,-0.1
977,2018-10-20,-0.1
978,2018-10-21,-0.1
979,2018-10-22,-0.1
980,2018-10-23,-0.1
981,2018-10-24,-0.1
982,2018-10-25,-0.1
983,2018-10-26,-0.1
984,2018-10-27,-0.1
985,2018-10-28,-0.1
986,2018-10-29,-0.1
987,2018-10-30,-0.1
988,2018-10-31,-0.1
989,2018-11-01,-0.1
990,2018-11-02,-0.1
991,2018-11-03,-0.1
992,2018-11-04,-0.1
993,2018-11-05,-0.1
994,2018-11-06,-0.1
995,2018-11-07,-0.1
996,2018-11-08,-0.1
997,2018-11-09,-0.1
998,2018-11-10,-0.1
999,2018-11-11,-0.1
1000,2018-11-12,-0.1
1001,2018-11-13,-0.1
1002,2018-11-14,-0.1
1003,2018-11-15,-0.1
1004,2018-11-16,-0.1
1005,2018-11-17,-0.1
1006,2018-11-18,-0.1
1007,2018-11-19,-0.1
1008,2018-11-20,-0.1
1009,2018-11-21,-0.1
1010,2018-11-22,-0.1
1011,2018-11-23,-0.1
1012,2018-11-24,-0.1
1013,2018-11-25,-0.1
1014,2018-11-26,-0.1
1015,2018-11-27,-0.1
1016,2018-11-28,-0.1
1017,2018-11-29,-0.1
1018,2018-11-30,-0.1
1019,2018-12-01,-0.1
1020,2018-12-02,-0.1
1021,2018-12-03,-0.1
1022,2018-12-04,-0.1
1023,2018-12-05,-0.1
1024,2018-12-06,-0.1
1025,2018-12-07,-0.1
1026,2018-12-08,-0.1
1027,2018-12-09,-0.1
1028,2018-12-10,-0.1
1029,2018-12-11,-0.1
1030,2018-12-12,-0.1
1031,2018-12-13,-0.1
1032,2018-12-14,-0.1
1033,2018-12-15,-0.1
1034,2018-12-16,-0.1
1035,2018-12-17,-0.1
1036,2018-12-18,-0.1
1037,2018-12-19,-0.1
1038,2018-12-20,-0.1
1039,2018-12-21,-0.1
1040,2018-12-22,-0.1
1041,2018-12-23,-0.1
1042,2018-12-24,-0.1
1043,2018-12-25,-0.1
1044,2018-12-26,-0.1
1045,2018-12-27,-0.1
1046,2018-12-28,-0.1
1047,2018-12-29,-0.1
1048,2018-12-30,-0.1
1049,2018-12-31,-0.1
1050,2019-01-01,-0.1
1051,2019-01-02,-0.1
1052,2019-01-03,-0.1
1053,2019-01-04,-0.1
1054,2019-01-05,-0.1
1055,2019-01-06,-0.1
1056,2019-01-07,-0.1
1057,2019-01-08,-0.1
1058,2019-01-09,-0.1
1059,2019-01-10,-0.1
1060,2019-01-11,-0.1
1061,2019-01-12,-0.1
1062,2019-01-13,-0.1
1063,2019-01-14,-0.1
1064,2019-01-15,-0.1
1065,2019-01-16,-0.1
1066,2019-01-17,-0.1
1067,2019-01-18,-0.1
1068,2019-01-19,-0.1
1069,2019-01-20,-0.1
1070,2019-01-21,-0.1
1071,2019-01-22,-0.1
1072,2019-01-23,-0.1
1073,2019-01-24,-0.1
1074,2019-01-25,-0.1
1075,2019-01-26,-0.1
1076,2019-01-27,-0.1
1077,2019-01-28,-0.1
1078,2019-01-29,-0.1
1079,2019-01-30,-0.1
1080,2019-01-31,-0.1
1081,2019-02-01,-0.1
1082,2019-02-02,-0.1
1083,2019-02-03,-0.1
1084,2019-02-04,-0.1
1085,2019-02-05,-0.1
1086,2019-02-06,-0.1
1087,2019-02-07,-0.1
1088,2019-02-08,-0.1
1089,2019-02-09,-0.1
1090,2019-02-10,-0.1
1091,2019-02-11,-0.1
1092,2019-02-12,-0.1
1093,2019-02-13,-0.1
1094,2019-02-14,-0.1
1095,2019-02-15,-0.1
1096,2019-02-16,-0.1
1097,2019-02-17,-0.1
1098,2019-02-18,-0.1
1099,2019-02-19,-0.1
1100,2019-02-20,-0.1
1101,2019-02-21,-0.1
1102,2019-02-22,-0.1
1103,2019-02-23,-0.1
1104,2019-02-24,-0.1
1105,2019-02-25,-0.1
1106,2019-02-26,-0.1
1107,2019-02-27,-0.1
1108,2019-02-28,-0.1
1109,2019-03-01,-0.1
1110,2019-03-02,-0.1
1111,2019-03-03,-0.1
1112,2019-03-04,-0.1
1113,2019-03-05,-0.1
1114,2019-03-06,-0.1
1115,2019-03-07,-0.1
1116,2019-03-08,-0.1
1117,2019-03-09,-0.1
1118,2019-03-10,-0.1
1119,2019-03-11,-0.1
1120,2019-03-12,-0.1
1121,2019-03-13,-0.1
1122,2019-03-14,-0.1
1123,2019-03-15,-0.1
1124,2019-03-16,-0.1
1125,2019-03-17,-0.1
1126,2019-03-18,-0.1
1127,2019-03-19,-0.1
1128,2019-03-20,-0.1
1129,2019-03-21,-0.1
1130,2019-03-22,-0.1
1131,2019-03-23,-0.1
1132,2019-03-24,-0.1
1133,2019-03-25,-0.1
1134,2019-03-26,-0.1
1135,2019-03-27,-0.1
1136,2019-03-28,-0.1
1137,2019-03-29,-0.1
1138,2019-03-30,-0.1
1139,2019-03-31,-0.1
1140,2019-04-01,-0.1
1141,2019-04-02,-0.1
1142,2019-04-03,-0.1
1143,2019-04-04,-0.1
1144,2019-04-05,-0.1
1145,2019-04-06,-0.1
1146,2019-04-07,-0.1
1147,2019-04-08,-0.1
1148,2019-04-09,-0.1
1149,2019-04-10,-0.1
1150,2019-04-11,-0.1
1151,2019-04-12,-0.1
1152,2019-04-13,-0.1
1153,2019-04-14,-0.1
1154,2019-04-15,-0.1
1155,2019-04-16,-0.1
1156,2019-04-17,-0.1
1157,2019-04-18,-0.1
1158,2019-04-19,-0.1
1159,2019-04-20,-0.1
1160,2019-04-21,-0.1
1161,2019-04-22,-0.1
1162,2019-04-23,-0.1
1163,2019-04-24,-0.1
1164,2019-04-25,-0.1
1165,2019-04-26,-0.1
1166,2019-04-27,-0.1
1167,2019-04-28,-0.1
1168,2019-04-29,-0.1
1169,2019-04-30,-0.1
1170,2019-05-01,-0.1
1171,2019-05-02,-0.1
1172,2019-05-03,-0.1
1173,2019-05-04,-0.1
1174,2019-05-05,-0.1
1175,2019-05-06,-0.1
1176,2019-05-07,-0.1
1177,2019-05-08,-0.1
1178,2019-05-09,-0.1
1179,2019-05-10,-0.1
1180,2019-05-11,-0.1
1181,2019-05-12,-0.1
1182,2019-05-13,-0.1
1183,2019-05-14,-0.1
1184,2019-05-15,-0.1
1185,2019-05-16,-0.1
1186,2019-05-17,-0.1
1187,2019-05-18,-0.1
1188,2019-05-19,-0.1
1189,2019-05-20,-0.1
1190,2019-05-21,-0.1
1191,2019-05-22,-0.1
1192,2019-05-23,-0.1
1193,2019-05-24,-0.1
1194,2019-05-25,-0.1
1195,2019-05-26,-0.1
1196,2019-05-27,-0.1
1197,2019-05-28,-0.1
1198,2019-05-29,-0.1
1199,2019-05-30,-0.1
1200,2019-05-31,-0.1
1201,2019-06-01,-0.1
1202,2019-06-02,-0.1
1203,2019-06-03,-0.1
1204,2019-06-04,-0.1
1205,2019-06-05,-0.1
1206,2019-06-06,-0.1
1207,2019-06-07,-0.1
1208,2019-06-08,-0.1
1209,2019-06-09,-0.1
1210,2019-06-10,-0.1
1211,2019-06-11,-0.1
1212,2019-06-12,-0.1
1213,2019-06-13,-0.1
1214,2019-06-14,-0.1
1215,2019-06-15,-0.1
1216,2019-06-16,-0.1
1217,2019-06-17,-0.1
1218,2019-06-18,-0.1
1219,2019-06-19,-0.1
1220,2019-06-20,-0.1
1221,2019-06-21,-0.1
1222,2019-06-22,-0.1
1223,2019-06-23,-0.1
1224,2019-06-24,-0.1
1225,2019-06-25,-0.1
1226,2019-06-26,-0.1
1227,2019-06-27,-0.1
1228,2019-06-28,-0.1
1229,2019-06-29,-0.1
1230,2019-06-30,-0.1
1231,2019-07-01,-0.1
1232,2019-07-02,-0.1
1233,2019-07-03,-0.1
1234,2019-07-04,-0.1
1235,2019-07-05,-0.1
1236,2019-07-06,-0.1
1237,2019-07-07,-0.1
1238,2019-07-08,-0.1
1239,2019-07-09,-0.1
1240,2019-07-10,-0.1
1241,2019-07-11,-0.1
1242,2019-07-12,-0.1
1243,2019-07-13,-0.1
1244,2019-07-14,-0.1
1245,2019-07-15,-0.1
1246,2019-07-16,-0.1
1247,2019-07-17,-0.1
1248,2019-07-18,-0.1
1249,2019-07-19,-0.1
1250,2019-07-20,-0.1
1251,2019-07-21,-0.1
1252,2019-07-22,-0.1
1253,2019-07-23,-0.1
1254,2019-07-24,-0.1
1255,2019-07-25,-0.1
1256,2019-07-26,-0.1
1257,2019-07-27,-0.1
1258,2019-07-28,-0.1
1259,2019-07-29,-0.1
1260,2019-07-30,-0.1
1261,2019-07-31,-0.1
1262,2019-08-01,-0.1
1263,2019-08-02,-0.1
1264,2019-08-03,-0.1
1265,2019-08-04,-0.1
1266,2019-08-05,-0.1
1267,2019-08-06,-0.1
1268,2019-08-07,-0.1
1269,2019-08-08,-0.1
1270,2019-08-09,-0.1
1271,2019-08-10,-0.1
1272,2019-08-11,-0.1
1273,2019-08-12,-0.1
1274,2019-08-13,-0.1
1275,2019-08-14,-0.1
1276,2019-08-15,-0.1
1277,2019-08-16,-0.1
1278,2019-08-17,-0.1
1279,2019-08-18,-0.1
1280,2019-08-19,-0.1
1281,2019-08-20,-0.1
1282,2019-08-21,-0.1
1283,2019-08-22,-0.1
1284,2019-08-23,-0.1
1285,2019-08-24,-0.1
1286,2019-08-25,-0.1
1287,2019-08-26,-0.1
1288,2019-08-27,-0.1
1289,2019-08-28,-0.1
1290,2019-08-29,-0.1
1291,2019-08-30,-0.1
1292,2019-08-31,-0.1
1293,2019-09-01,-0.1
1294,2019-09-02,-0.1
1295,2019-09-03,-0.1
1296,2019-09-04,-0.1
1297,2019-09-05,-0.1
1298,2019-09-06,-0.1
1299,2019-09-07,-0.1
1300,2019-09-08,-0.1
1301,2019-09-09,-0.1
1302,2019-09-10,-0.1
1303,2019-09-11,-0.1
1304,2019-09-12,-0.1
1305,2019-09-13,-0.1
1306,2019-09-14,-0.1
1307,2019-09-15,-0.1
1308,2019-09-16,-0.1
1309,2019-09-17,-0.1
1310,2019-09-18,-0.1
1311,2019-09-19,-0.1
1312,2019-09-20,-0.1
1313,2019-09-21,-0.1
1314,2019-09-22,-0.1
1315,2019-09-23,-0.1
1316,2019-09-24,-0.1
1317,2019-09-25,-0.1
1318,2019-09-26,-0.1
1319,2019-09-27,-0.1
1320,2019-09-28,-0.1
1321,2019-09-29,-0.1
1322,2019-09-30,-0.1
1323,2019-10-01,-0.1
1324,2019-10-02,-0.1
1325,2019-10-03,-0.1
1326,2019-10-04,-0.1
1327,2019-10-05,-0.1
1328,2019-10-06,-0.1
1329,2019-10-07,-0.1
1330,2019-10-08,-0.1
1331,2019-10-09,-0.1
1332,2019-10-10,-0.1
1333,2019-10-11,-0.1
1334,2019-10-12,-0.1
1335,2019-10-13,-0.1
1336,2019-10-14,-0.1
1337,2019-10-15,-0.1
1338,2019-10-16,-0.1
1339,2019-10-17,-0.1
1340,2019-10-18,-0.1
1341,2019-10-19,-0.1
1342,2019-10-20,-0.1
1343,2019-10-21,-0.1
1344,2019-10-22,-0.1
1345,2019-10-23,-0.1
1346,2019-10-24,-0.1
1347,2019-10-25,-0.1
1348,2019-10-26,-0.1
1349,2019-10-27,-0.1
1350,2019-10-28,-0.1
1351,2019-10-29,-0.1
1352,2019-10-30,-0.1
1353,2019-10-31,-0.1
1354,2019-11-01,-0.1
1355,2019-11-02,-0.1
1356,2019-11-03,-0.1
1357,2019-11-04,-0.1
1358,2019-11-05,-0.1
1359,2019-11-06,-0.1
1360,2019-11-07,-0.1
1361,2019-11-08,-0.1
1362,2019-11-09,-0.1
1363,2019-11-10,-0.1
1364,2019-11-11,-0.1
1365,2019-11-12,-0.1
1366,2019-11-13,-0.1
1367,2019-11-14,-0.1
1368,2019-11-15,-0.1
1369,2019-11-16,-0.1
1370,2019-11-17,-0.1
1371,2019-11-18,-0.1
1372,2019-11-19,-0.1
1373,2019-11-20,-0.1
1374,2019-11-21,-0.1
1375,2019-11-22,-0.1
1376,2019-11-23,-0.1
1377,2019-11-24,-0.1
1378,2019-11-25,-0.1
1379,2019-11-26,-0.1
1380,2019-11-27,-0.1
1381,2019-11-28,-0.1
1382,2019-11-29,-0.1
1383,2019-11-30,-0.1
1384,2019-12-01,-0.1
1385,2019-12-02,-0.1
1386,2019-12-03,-0.1
1387,2019-12-04,-0.1
1388,2019-12-05,-0.1
1389,2019-12-06,-0.1
1390,2019-12-07,-0.1
1391,2019-12-08,-0.1
1392,2019-12-09,-0.1
1393,2019-12-10,-0.1
1394,2019-12-11,-0.1
1395,2019-12-12,-0.1
1396,2019-12-13,-0.1
1397,2019-12-14,-0.1
1398,2019-12-15,-0.1
1399,2019-12-16,-0.1
1400,2019-12-17,-0.1
1401,2019-12-18,-0.1
1402,2019-12-19,-0.1
1403,2019-12-20,-0.1
1404,2019-12-21,-0.1
1405,2019-12-22,-0.1
1406,2019-12-23,-0.1
1407,2019-12-24,-0.1
1408,2019-12-25,-0.1
1409,2019-12-26,-0.1
1410,2019-12-27,-0.1
1411,2019-12-28,-0.1
1412,2019-12-29,-0.1
1413,2019-12-30,-0.1
1414,2019-12-31,-0.1
1415,2020-01-01,-0.1
1416,2020-01-02,-0.1
1417,2020-01-03,-0.1
1418,2020-01-04,-0.1
1419,2020-01-05,-0.1
1420,2020-01-06,-0.1
1421,2020-01-07,-0.1
1422,2020-01-08,-0.1
1423,2020-01-09,-0.1
1424,2020-01-10,-0.1
1425,2020-01-11,-0.1
1426,2020-01-12,-0.1
1427,2020-01-13,-0.1
1428,2020-01-14,-0.1
1429,2020-01-15,-0.1
1430,2020-01-16,-0.1
1431,2020-01-17,-0.1
1432,2020-01-18,-0.1
1433,2020-01-19,-0.1
1434,2020-01-20,-0.1
1435,2020-01-21,-0.1
1436,2020-01-22,-0.1
1437,2020-01-23,-0.1
1438,2020-01-24,-0.1
1439,2020-01-25,-0.1
1440,2020-01-26,-0.1
1441,2020-01-27,-0.1
1442,2020-01-28,-0.1
1443,2020-01-29,-0.1
1444,2020-01-30,-0.1
1445,2020-01-31,-0.1
1446,2020-02-01,-0.1
1447,2020-02-02,-0.1
1448,2020-02-03,-0.1
1449,2020-02-04,-0.1
1450,2020-02-05,-0.1
1451,2020-02-06,-0.1
1452,2020-02-07,-0.1
1453,2020-02-08,-0.1
1454,2020-02-09,-0.1
1455,2020-02-10,-0.1
1456,2020-02-11,-0.1
1457,2020-02-12,-0.1
1458,2020-02-13,-0.1
1459,2020-02-14,-0.1
1460,2020-02-15,-0.1
1461,2020-02-16,-0.1
1462,2020-02-17,-0.1
1463,2020-02-18,-0.1
1464,2020-02-19,-0.1
1465,2020-02-20,-0.1
1466,2020-02-21,-0.1
1467,2020-02-22,-0.1
1468,2020-02-23,-0.1
1469,2020-02-24,-0.1
1470,2020-02-25,-0.1
1471,2020-02-26,-0.1
1472,2020-02-27,-0.1
1473,2020-02-28,-0.1
1474,2020-02-29,-0.1
1475,2020-03-01,-0.1
1476,2020-03-02,-0.1
1477,2020-03-03,-0.1
1478,2020-03-04,-0.1
1479,2020-03-05,-0.1
1480,2020-03-06,-0.1
1481,2020-03-07,-0.1
1482,2020-03-08,-0.1
1483,2020-03-09,-0.1
1484,2020-03-10,-0.1
1485,2020-03-11,-0.1
1486,2020-03-12,-0.1
1487,2020-03-13,-0.1
1488,2020-03-14,-0.1
1489,2020-03-15,-0.1
1490,2020-03-16,-0.1
1491,2020-03-17,-0.1
1492,2020-03-18,-0.1
1493,2020-03-19,-0.1
1494,2020-03-20,-0.1
1495,2020-03-21,-0.1
1496,2020-03-22,-0.1
1497,2020-03-23,-0.1
1498,2020-03-24,-0.1
1499,2020-03-25,-0.1
1500,2020-03-26,-0.1
1501,2020-03-27,-0.1
1502,2020-03-28,-0.1
1503,2020-03-29,-0.1
1504,2020-03-30,-0.1
1505,2020-03-31,-0.1
1506,2020-04-01,-0.1
1507,2020-04-02,-0.1
1508,2020-04-03,-0.1
1509,2020-04-04,-0.1
1510,2020-04-05,-0.1
1511,2020-04-06,-0.1
1512,2020-04-07,-0.1
1513,2020-04-08,-0.1
1514,2020-04-09,-0.1
1515,2020-04-10,-0.1
1516,2020-04-11,-0.1
1517,2020-04-12,-0.1
1518,2020-04-13,-0.1
1519,2020-04-14,-0.1
1520,2020-04-15,-0.1
1521,2020-04-16,-0.1
1522,2020-04-17,-0.1
1523,2020-04-18,-0.1
1524,2020-04-19,-0.1
1525,2020-04-20,-0.1
1526,2020-04-21,-0.1
1527,2020-04-22,-0.1
1528,2020-04-23,-0.1
1529,2020-04-24,-0.1
1530,2020-04-25,-0.1
1531,2020-04-26,-0.1
1532,2020-04-27,-0.1
1533,2020-04-28,-0.1
1534,2020-04-29,-0.1
1535,2020-04-30,-0.1
1536,2020-05-01,-0.1
1537,2020-05-02,-0.1
1538,2020-05-03,-0.1
1539,2020-05-04,-0.1
1540,2020-05-05,-0.1
1541,2020-05-06,-0.1
1542,2020-05-07,-0.1
1543,2020-05-08,-0.1
1544,2020-05-09,-0.1
1545,2020-05-10,-0.1
1546,2020-05-11,-0.1
1547,2020-05-12,-0.1
1548,2020-05-13,-0.1
1549,2020-05-14,-0.1
1550,2020-05-15,-0.1
1551,2020-05-16,-0.1
1552,2020-05-17,-0.1
1553,2020-05-18,-0.1
1554,2020-05-19,-0.1
1555,2020-05-20,-0.1
1556,2020-05-21,-0.1
1557,2020-05-22,-0.1
1558,2020-05-23,-0.1
1559,2020-05-24,-0.1
1560,2020-05-25,-0.1
1561,2020-05-26,-0.1
1562,2020-05-27,-0.1
1563,2020-05-28,-0.1
1564,2020-05-29,-0.1
1565,2020-05-30,-0.1
1566,2020-05-31,-0.1
1567,2020-06-01,-0.1
1568,2020-06-02,-0.1
1569,2020-06-03,-0.1
1570,2020-06-04,-0.1
1571,2020-06-05,-0.1
1572,2020-06-06,-0.1
1573,2020-06-07,-0.1
1574,2020-06-08,-0.1
1575,2020-06-09,-0.1
1576,2020-06-10,-0.1
1577,2020-06-11,-0.1
1578,2020-06-12,-0.1
1579,2020-06-13,-0.1
1580,2020-06-14,-0.1
1581,2020-06-15,-0.1
1582,2020-06-16,-0.1
1583,2020-06-17,-0.1
1584,2020-06-18,-0.1
1585,2020-06-19,-0.1
1586,2020-06-20,-0.1
1587,2020-06-21,-0.1
1588,2020-06-22,-0.1
1589,2020-06-23,-0.1
1590,2020-06-24,-0.1
1591,2020-06-25,-0.1
1592,2020-06-26,-0.1
1593,2020-06-27,-0.1
1594,2020-06-28,-0.1
1595,2020-06-29,-0.1
1596,2020-06-30,-0.1
1597,2020-07-01,-0.1
1598,2020-07-02,-0.1
1599,2020-07-03,-0.1
1600,2020-07-04,-0.1
1601,2020-07-05,-0.1
1602,2020-07-06,-0.1
1603,2020-07-07,-0.1
1604,2020-07-08,-0.1
1605,2020-07-09,-0.1
1606,2020-07-10,-0.1
1607,2020-07-11,-0.1
1608,2020-07-12,-0.1
1609,2020-07-13,-0.1
1610,2020-07-14,-0.1
1611,2020-07-15,-0.1
1612,2020-07-16,-0.1
1613,2020-07-17,-0.1
1614,2020-07-18,-0.1
1615,2020-07-19,-0.1
1616,2020-07-20,-0.1
1617,2020-07-21,-0.1
1618,2020-07-22,-0.1
1619,2020-07-23,-0.1
1620,2020-07-24,-0.1
1621,2020-07-25,-0.1
1622,2020-07-26,-0.1
1623,2020-07-27,-0.1
1624,2020-07-28,-0.1
1625,2020-07-29,-0.1
1626,2020-07-30,-0.1
1627,2020-07-31,-0.1
1628,2020-08-01,-0.1
1629,2020-08-02,-0.1
1630,2020-08-03,-0.1
1631,2020-08-04,-0.1
1632,2020-08-05,-0.1
1633,2020-08-06,-0.1
1634,2020-08-07,-0.1
1635,2020-08-08,-0.1
1636,2020-08-09,-0.1
1637,2020-08-10,-0.1
1638,2020-08-11,-0.1
1639,2020-08-12,-0.1
1640,2020-08-13,-0.1
1641,2020-08-14,-0.1
1642,2020-08-15,-0.1
1643,2020-08-16,-0.1
1644,2020-08-17,-0.1
1645,2020-08-18,-0.1
1646,2020-08-19,-0.1
1647,2020-08-20,-0.1
1648,2020-08-21,-0.1
1649,2020-08-22,-0.1
1650,2020-08-23,-0.1
1651,2020-08-24,-0.1
1652,2020-08-25,-0.1
1653,2020-08-26,-0.1
1654,2020-08-27,-0.1
1655,2020-08-28,-0.1
1656,2020-08-29,-0.1
1657,2020-08-30,-0.1
1658,2020-08-31,-0.1
1659,2020-09-01,-0.1
1660,2020-09-02,-0.1
1661,2020-09-03,-0.1
1662,2020-09-04,-0.1
1663,2020-09-05,-0.1
1664,2020-09-06,-0.1
1665,2020-09-07,-0.1
1666,2020-09-08,-0.1
1667,2020-09-09,-0.1
1668,2020-09-10,-0.1
1669,2020-09-11,-0.1
1670,2020-09-12,-0.1
1671,2020-09-13,-0.1
1672,2020-09-14,-0.1
1673,2020-09-15,-0.1
1674,2020-09-16,-0.1
1675,2020-09-17,-0.1
1676,2020-09-18,-0.1
1677,2020-09-19,-0.1
1678,2020-09-20,-0.1
1679,2020-09-21,-0.1
1680,2020-09-22,-0.1
1681,2020-09-23,-0.1
1682,2020-09-24,-0.1
1683,2020-09-25,-0.1
1684,2020-09-26,-0.1
1685,2020-09-27,-0.1
1686,2020-09-28,-0.1
1687,2020-09-29,-0.1
1688,2020-09-30,-0.1
1689,2020-10-01,-0.1
1690,2020-10-02,-0.1
1691,2020-10-03,-0.1
1692,2020-10-04,-0.1
1693,2020-10-05,-0.1
1694,2020-10-06,-0.1
1695,2020-10-07,-0.1
1696,2020-10-08,-0.1
1697,2020-10-09,-0.1
1698,2020-10-10,-0.1
1699,2020-10-11,-0.1
1700,2020-10-12,-0.1
1701,2020-10-13,-0.1
1702,2020-10-14,-0.1
1703,2020-10-15,-0.1
1704,2020-10-16,-0.1
1705,2020-10-17,-0.1
1706,2020-10-18,-0.1
1707,2020-10-19,-0.1
1708,2020-10-20,-0.1
1709,2020-10-21,-0.1
1710,2020-10-22,-0.1
1711,2020-10-23,-0.1
1712,2020-10-24,-0.1
1713,2020-10-25,-0.1
1714,2020-10-26,-0.1
1715,2020-10-27,-0.1
1716,2020-10-28,-0.1
1717,2020-10-29,-0.1
1718,2020-10-30,-0.1
1719,2020-10-31,-0.1
1720,2020-11-01,-0.1
1721,2020-11-02,-0.1
1722,2020-11-03,-0.1
1723,2020-11-04,-0.1
1724,2020-11-05,-0.1
1725,2020-11-06,-0.1
1726,2020-11-07,-0.1
1727,2020-11-08,-0.1
1728,2020-11-09,-0.1
1729,2020-11-10,-0.1
1730,2020-11-11,-0.1
1731,2020-11-12,-0.1
1732,2020-11-13,-0.1
1733,2020-11-14,-0.1
1734,2020-11-15,-0.1
1735,2020-11-16,-0.1
1736,2020-11-17,-0.1
1737,2020-11-18,-0.1
1738,2020-11-19,-0.1
1739,2020-11-20,-0.1
1740,2020-11-21,-0.1
1741,2020-11-22,-0.1
1742,2020-11-23,-0.1
1743,2020-11-24,-0.1
1744,2020-11-25,-0.1
1745,2020-11-26,-0.1
1746,2020-11-27,-0.1
1747,2020-11-28,-0.1
1748,2020-11-29,-0.1
1749,2020-11-30,-0.1
1750,2020-12-01,-0.1
1751,2020-12-02,-0.1
1752,2020-12-03,-0.1
1753,2020-12-04,-0.1
1754,2020-12-05,-0.1
1755,2020-12-06,-0.1
1756,2020-12-07,-0.1
1757,2020-12-08,-0.1
1758,2020-12-09,-0.1
1759,2020-12-10,-0.1
1760,2020-12-11,-0.1
1761,2020-12-12,-0.1
1762,2020-12-13,-0.1
1763,2020-12-14,-0.1
1764,2020-12-15,-0.1
1765,2020-12-16,-0.1
1766,2020-12-17,-0.1
1767,2020-12-18,-0.1
1768,2020-12-19,-0.1
1769,2020-12-20,-0.1
1770,2020-12-21,-0.1
1771,2020-12-22,-0.1
1772,2020-12-23,-0.1
1773,2020-12-24,-0.1
1774,2020-12-25,-0.1
1775,2020-12-26,-0.1
1776,2020-12-27,-0.1
1777,2020-12-28,-0.1
1778,2020-12-29,-0.1
1779,2020-12-30,-0.1
1780,2020-12-31,-0.1
1781,2021-01-01,-0.1
1782,2021-01-02,-0.1
1783,2021-01-03,-0.1
1784,2021-01-04,-0.1
1785,2021-01-05,-0.1
1786,2021-01-06,-0.1
1787,2021-01-07,-0.1
1788,2021-01-08,-0.1
1789,2021-01-09,-0.1
1790,2021-01-10,-0.1
1791,2021-01-11,-0.1
1792,2021-01-12,-0.1
1793,2021-01-13,-0.1
1794,2021-01-14,-0.1
1795,2021-01-15,-0.1
1796,2021-01-16,-0.1
1797,2021-01-17,-0.1
1798,2021-01-18,-0.1
1799,2021-01-19,-0.1
1800,2021-01-20,-0.1
1801,2021-01-21,-0.1
1802,2021-01-22,-0.1
1803,2021-01-23,-0.1
1804,2021-01-24,-0.1
1805,2021-01-25,-0.1
1806,2021-01-26,-0.1
1807,2021-01-27,-0.1
1808,2021-01-28,-0.1
1809,2021-01-29,-0.1
1810,2021-01-30,-0.1
1811,2021-01-31,-0.1
1812,2021-02-01,-0.1
1813,2021-02-02,-0.1
1814,2021-02-03,-0.1
1815,2021-02-04,-0.1
1816,2021-02-05,-0.1
1817,2021-02-06,-0.1
1818,2021-02-07,-0.1
1819,2021-02-08,-0.1
1820,2021-02-09,-0.1
1821,2021-02-10,-0.1
1822,2021-02-11,-0.1
1823,2021-02-12,-0.1
1824,2021-02-13,-0.1
1825,2021-02-14,-0.1
1826,2021-02-15,-0.1
1827,2021-02-16,-0.1
1828,2021-02-17,-0.1
1829,2021-02-18,-0.1
1830,2021-02-19,-0.1
1831,2021-02-20,-0.1
1832,2021-02-21,-0.1
1833,2021-02-22,-0.1
1834,2021-02-23,-0.1
1835,2021-02-24,-0.1
1836,2021-02-25,-0.1
1837,2021-02-26,-0.1
1838,2021-02-27,-0.1
1839,2021-02-28,-0.1
1840,2021-03-01,-0.1
1841,2021-03-02,-0.1
1842,2021-03-03,-0.1
1843,2021-03-04,-0.1
1844,2021-03-05,-0.1
1845,2021-03-06,-0.1
1846,2021-03-07,-0.1
1847,2021-03-08,-0.1
1848,2021-03-09,-0.1
1849,2021-03-10,-0.1
1850,2021-03-11,-0.1
1851,2021-03-12,-0.1
1852,2021-03-13,-0.1
1853,2021-03-14,-0.1
1854,2021-03-15,-0.1
1855,2021-03-16,-0.1
1856,2021-03-17,-0.1
1857,2021-03-18,-0.1
1858,2021-03-19,-0.1
1859,2021-03-20,-0.1
1860,2021-03-21,-0.1
1861,2021-03-22,-0.1
1862,2021-03-23,-0.1
1863,2021-03-24,-0.1
1864,2021-03-25,-0.1
1865,2021-03-26,-0.1
1866,2021-03-27,-0.1
1867,2021-03-28,-0.1
1868,2021-03-29,-0.1
1869,2021-03-30,-0.1
1870,2021-03-31,-0.1
1871,2021-04-01,-0.1
1872,2021-04-02,-0.1
1873,2021-04-03,-0.1
1874,2021-04-04,-0.1
1875,2021-04-05,-0.1
1876,2021-04-06,-0.1
1877,2021-04-07,-0.1
1878,2021-04-08,-0.1
1879,2021-04-09,-0.1
1880,2021-04-10,-0.1
1881,2021-04-11,-0.1
1882,2021-04-12,-0.1
1883,2021-04-13,-0.1
1884,2021-04-14,-0.1
1885,2021-04-15,-0.1
1886,2021-04-16,-0.1
1887,2021-04-17,-0.1
1888,2021-04-18,-0.1
1889,2021-04-19,-0.1
